date,stock_id,MarginShortSalesPreviousDayBalance,MarginShortSalesShortSales,MarginShortSalesShortCovering,MarginShortSalesStockRedemption,MarginShortSalesCurrentDayBalance,MarginShortSalesQuota,SBLShortSalesPreviousDayBalance,SBLShortSalesShortSales,SBLShortSalesReturns,SBLShortSalesAdjustments,SBLShortSalesCurrentDayBalance,SBLShortSalesQuota,SBLShortSalesShortCovering
2019-01-02,0050,1403000,4000,22000,0,1385000,235375000,21064000,311000,0,0,21375000,2450597,0
2019-01-03,0050,1385000,16000,12000,0,1389000,236750000,21375000,2450000,900000,0,22925000,2432818,0
2019-01-04,0050,1389000,54000,25000,0,1418000,240125000,22925000,2432000,0,0,25357000,2586395,0
2019-01-07,0050,1418000,38000,40000,0,1416000,241500000,25357000,0,103000,0,25254000,2692039,0
2019-01-08,0050,1416000,7000,123000,522000,778000,241500000,25254000,0,512000,0,24742000,2738803,0
2019-01-09,0050,778000,37000,92000,0,723000,241500000,24742000,0,0,0,24742000,2776849,0
2019-01-10,0050,723000,6000,136000,2000,591000,241250000,24742000,0,900000,0,23842000,2729584,0
2019-01-11,0050,591000,32000,39000,110000,474000,241250000,23842000,0,824000,0,23018000,2744397,0
2019-01-14,0050,474000,16000,64000,27000,399000,241250000,23018000,0,1281000,0,21737000,2755279,0
2019-01-15,0050,399000,12000,36000,73000,302000,243500000,21737000,0,2908000,0,18829000,2735134,0
2019-01-16,0050,302000,0,298000,2000,2000,243500000,18829000,0,2869000,0,15960000,2847376,0
2019-01-17,0050,2000,0,0,2000,0,243375000,15960000,0,14430000,0,1530000,2851220,0
2019-01-18,0050,0,0,0,0,0,243375000,1530000,0,6000,0,1524000,2730681,0
2019-01-21,0050,0,0,0,0,0,239625000,1524000,200000,0,0,1724000,2767418,0
2019-01-22,0050,0,71000,0,0,71000,239875000,1724000,0,0,0,1724000,2725675,0
2019-01-23,0050,71000,53000,0,0,124000,241125000,1724000,0,200000,0,1524000,2736587,0
2019-01-24,0050,124000,47000,10000,0,161000,241125000,1524000,0,10000,0,1514000,2684815,0
2019-01-25,0050,161000,45000,26000,0,180000,241125000,1514000,0,278000,0,1236000,2695487,0
2019-01-28,0050,180000,72000,1000,0,251000,241125000,1236000,0,0,0,1236000,2645930,0
2019-01-29,0050,251000,26000,6000,0,271000,241125000,1236000,0,0,0,1236000,2633604,0
2019-01-30,0050,271000,25000,43000,0,253000,241500000,1236000,0,0,0,1236000,2609466,0
2019-02-11,0050,253000,34000,3000,0,284000,241500000,1236000,0,0,0,1236000,2630640,0
2019-02-12,0050,284000,83000,12000,0,355000,241500000,1236000,0,0,0,1236000,2596665,0
2019-02-13,0050,355000,19000,2000,0,372000,241500000,1236000,0,0,0,1236000,2553430,0
2019-02-14,0050,372000,6000,2000,0,376000,241500000,1236000,0,0,0,1236000,2559819,0
2019-02-15,0050,376000,8000,3000,0,381000,242750000,1236000,0,0,0,1236000,2535457,0
2019-02-18,0050,381000,3000,4000,0,380000,242750000,1236000,0,0,0,1236000,2480706,0
2019-02-19,0050,380000,10000,0,0,390000,242750000,1236000,0,0,0,1236000,2420127,0
2019-02-20,0050,390000,64000,5000,0,449000,242750000,1236000,0,0,0,1236000,2667052,0
2019-02-21,0050,449000,37000,27000,0,459000,242750000,1236000,0,0,0,1236000,2807402,0
2019-02-22,0050,459000,23000,5000,0,477000,242250000,1236000,0,0,0,1236000,2820891,0
2019-02-25,0050,477000,20000,17000,0,480000,239750000,1236000,0,0,0,1236000,2881073,0
2019-02-26,0050,480000,109000,6000,0,583000,236625000,1236000,0,0,0,1236000,2827179,0
2019-02-27,0050,583000,11000,3000,0,591000,236625000,1236000,0,0,0,1236000,2810197,0
2019-03-04,0050,591000,7000,14000,0,584000,236125000,1236000,0,0,0,1236000,2784826,0
2019-03-05,0050,584000,3000,126000,0,461000,231125000,1236000,0,1000,0,1235000,2764526,0
2019-03-06,0050,461000,5000,9000,0,457000,228625000,1235000,0,0,0,1235000,2932091,0
2019-03-07,0050,457000,13000,3000,0,467000,227750000,1235000,0,0,0,1235000,3010860,0
2019-03-08,0050,467000,10000,44000,0,433000,227750000,1235000,0,0,0,1235000,3057627,0
2019-03-11,0050,433000,6000,11000,0,428000,227750000,1235000,0,0,0,1235000,2985687,0
2019-03-12,0050,428000,12000,17000,0,423000,227750000,1235000,0,0,0,1235000,2970837,0
2019-03-13,0050,423000,20000,10000,0,433000,223500000,1235000,0,0,0,1235000,2972114,0
2019-03-14,0050,433000,11000,42000,0,402000,221125000,1235000,0,0,0,1235000,2941267,0
2019-03-15,0050,402000,33000,6000,0,429000,221125000,1235000,0,0,0,1235000,2951557,0
2019-03-18,0050,429000,40000,10000,0,459000,221125000,1235000,0,0,0,1235000,2985355,0
2019-03-19,0050,459000,19000,10000,0,468000,221125000,1235000,0,0,0,1235000,3007323,0
2019-03-20,0050,468000,12000,2000,0,478000,221125000,1235000,0,0,0,1235000,3090879,0
2019-03-21,0050,478000,17000,6000,0,489000,217625000,1235000,0,0,0,1235000,3131083,0
2019-03-22,0050,489000,2000,38000,0,453000,217625000,1235000,0,0,0,1235000,3162135,0
2019-03-25,0050,453000,93000,28000,0,518000,217375000,1235000,0,0,0,1235000,3188145,0
2019-03-26,0050,518000,2000,0,0,520000,216250000,1235000,0,0,0,1235000,3162593,0
2019-03-27,0050,520000,17000,10000,0,527000,216250000,1235000,0,0,0,1235000,3122001,0
2019-03-28,0050,527000,27000,1000,0,553000,216250000,1235000,0,0,0,1235000,3094514,0
2019-03-29,0050,553000,11000,17000,0,547000,216250000,1235000,0,0,0,1235000,3109742,0
2019-04-01,0050,547000,7000,36000,0,518000,216250000,1235000,0,0,0,1235000,3183860,0
2019-04-02,0050,518000,0,6000,0,512000,216250000,1235000,0,0,0,1235000,3204750,0
2019-04-03,0050,512000,1000,4000,0,509000,216250000,1235000,0,0,0,1235000,3207460,0
2019-04-08,0050,509000,0,0,0,509000,216250000,1235000,0,0,0,1235000,3258747,0
2019-04-09,0050,509000,0,3000,0,506000,216250000,1235000,0,0,0,1235000,3068389,0
2019-04-10,0050,506000,0,1000,0,505000,216250000,1235000,0,0,0,1235000,2990373,0
2019-04-11,0050,505000,5000,8000,0,502000,216250000,1235000,0,0,0,1235000,2974287,0
2019-04-12,0050,502000,3000,1000,0,504000,216250000,1235000,1000,0,0,1236000,2855617,0
2019-04-15,0050,504000,106000,23000,0,587000,216250000,1236000,1000,0,0,1237000,2773402,0
2019-04-16,0050,587000,5000,3000,0,589000,216250000,1237000,1000,0,0,1238000,2722007,0
2019-04-17,0050,589000,0,9000,0,580000,207500000,1238000,1000,0,0,1239000,2868360,0
2019-04-18,0050,580000,3000,7000,0,576000,207000000,1239000,1000,0,0,1240000,2981258,0
2019-04-19,0050,576000,2000,1000,0,577000,207000000,1240000,0,0,0,1240000,2910617,0
2019-04-22,0050,577000,10000,1000,0,586000,207000000,1240000,0,1000,0,1239000,2756962,0
2019-04-23,0050,586000,0,0,0,586000,207125000,1239000,0,0,0,1239000,2717331,0
2019-04-24,0050,586000,2000,1000,2000,585000,206875000,1239000,0,0,0,1239000,2701992,0
2019-04-25,0050,585000,0,0,0,585000,206875000,1239000,0,0,0,1239000,2598708,0
2019-04-26,0050,585000,3000,1000,0,587000,206875000,1239000,0,0,0,1239000,2535374,0
2019-04-29,0050,587000,1000,1000,0,587000,206875000,1239000,0,0,0,1239000,2514906,0
2019-04-30,0050,587000,0,0,0,587000,201875000,1239000,0,0,0,1239000,2432547,0
2019-05-02,0050,587000,0,3000,0,584000,196875000,1239000,0,0,0,1239000,2371916,0
2019-05-03,0050,584000,6000,6000,0,584000,196875000,1239000,0,0,0,1239000,2589117,0
2019-05-06,0050,584000,2000,26000,0,560000,190125000,1239000,0,0,0,1239000,2545193,0
2019-05-07,0050,560000,3000,5000,0,558000,189375000,1239000,0,97000,0,1142000,2571895,0
2019-05-08,0050,558000,2000,24000,0,536000,188875000,1142000,0,0,0,1142000,2638323,0
2019-05-09,0050,536000,0,13000,0,523000,188250000,1142000,0,0,0,1142000,2637353,0
2019-05-10,0050,523000,1000,53000,0,471000,188250000,1142000,0,0,0,1142000,2728293,0
2019-05-13,0050,471000,3000,72000,0,402000,184000000,1142000,0,0,0,1142000,2889517,0
2019-05-14,0050,402000,9000,6000,0,405000,188500000,1142000,0,0,0,1142000,3058159,0
2019-05-15,0050,405000,11000,22000,0,394000,188500000,1142000,0,0,0,1142000,3173973,0
2019-05-16,0050,394000,2000,9000,3000,384000,192250000,1142000,0,0,0,1142000,3234438,0
2019-05-17,0050,384000,10000,4000,0,390000,192250000,1142000,0,0,0,1142000,3414126,0
2019-05-20,0050,390000,24000,3000,0,411000,192250000,1142000,0,0,0,1142000,3488502,0
2019-05-21,0050,411000,14000,4000,0,421000,193000000,1142000,0,0,0,1142000,3606742,0
2019-05-22,0050,421000,8000,5000,0,424000,193000000,1142000,0,0,0,1142000,3559602,0
2019-05-23,0050,424000,18000,38000,0,404000,193125000,1142000,1396000,0,0,2538000,3707796,0
2019-05-24,0050,404000,27000,4000,0,427000,193375000,2538000,0,1000,0,2537000,3685366,0
2019-05-27,0050,427000,13000,6000,0,434000,194625000,2537000,118000,0,0,2655000,3725793,0
2019-05-28,0050,434000,14000,13000,0,435000,194625000,2655000,0,802000,0,1853000,3747100,0
2019-05-29,0050,435000,14000,13000,0,436000,194875000,1853000,0,0,0,1853000,3766016,0
2019-05-30,0050,436000,22000,3000,0,455000,195125000,1853000,0,43000,0,1810000,3611554,0
2019-05-31,0050,455000,42000,106000,0,391000,201375000,1810000,0,0,0,1810000,3480314,0
2019-06-03,0050,391000,30000,1000,0,420000,206875000,1810000,0,0,0,1810000,3415334,0
2019-06-04,0050,420000,20000,1000,0,439000,216875000,1810000,0,0,0,1810000,3458879,0
2019-06-05,0050,439000,0,15000,0,424000,228125000,1810000,0,0,0,1810000,3469278,0
2019-06-06,0050,424000,28000,17000,0,435000,238375000,1810000,567000,0,0,2377000,3512754,0
2019-06-10,0050,435000,33000,12000,0,456000,277000000,2377000,0,0,0,2377000,3554131,0
2019-06-11,0050,456000,3000,32000,11000,416000,325250000,2377000,0,0,0,2377000,3622220,0
2019-06-12,0050,416000,6000,17000,0,405000,365750000,2377000,0,1396000,0,981000,3683184,0
2019-06-13,0050,405000,12000,8000,0,409000,404500000,981000,0,83000,0,898000,3709854,0
2019-06-14,0050,409000,4000,14000,0,399000,428125000,898000,0,0,0,898000,3679939,0
2019-06-17,0050,399000,9000,25000,0,383000,452500000,898000,0,0,0,898000,3438106,0
2019-06-18,0050,383000,7000,3000,0,387000,426250000,898000,0,0,0,898000,3392374,0
2019-06-19,0050,387000,22000,23000,0,386000,426250000,898000,0,0,0,898000,3470584,0
2019-06-20,0050,386000,1000,3000,0,384000,426250000,898000,0,0,0,898000,3450673,0
2019-06-21,0050,384000,9000,5000,0,388000,426250000,898000,0,0,0,898000,3534872,0
2019-06-24,0050,388000,0,1000,0,387000,426250000,898000,0,0,0,898000,3582938,0
2019-06-25,0050,387000,1000,2000,0,386000,426250000,898000,0,0,0,898000,3475568,0
2019-06-26,0050,386000,0,13000,0,373000,425250000,898000,0,0,0,898000,3331905,0
2019-06-27,0050,373000,5000,2000,0,376000,425250000,898000,0,0,0,898000,3312800,0
2019-06-28,0050,376000,0,9000,0,367000,425250000,898000,0,0,0,898000,3181207,0
2019-07-01,0050,367000,0,1000,0,366000,425250000,898000,0,0,0,898000,3083183,0
2019-07-02,0050,366000,4000,1000,0,369000,425250000,898000,0,0,0,898000,2992228,0
2019-07-03,0050,369000,0,5000,0,364000,424250000,898000,0,0,0,898000,2880234,0
2019-07-04,0050,364000,0,3000,0,361000,424250000,898000,0,0,0,898000,2832429,0
2019-07-05,0050,361000,0,0,0,361000,424250000,898000,0,0,0,898000,2591733,0
2019-07-08,0050,361000,0,29000,0,332000,424250000,898000,0,0,0,898000,2570029,0
2019-07-09,0050,332000,0,26000,0,306000,424250000,898000,0,41000,0,857000,2495450,0
2019-07-10,0050,306000,0,20000,0,286000,424250000,857000,0,1000,0,856000,2441604,0
2019-07-11,0050,286000,0,36000,2000,248000,422375000,856000,0,0,0,856000,2448807,0
2019-07-12,0050,248000,0,38000,0,210000,422375000,856000,0,0,0,856000,2401945,0
2019-07-15,0050,210000,0,207000,1000,2000,422375000,856000,0,0,0,856000,2419643,0
2019-07-16,0050,2000,0,0,2000,0,407875000,856000,0,0,0,856000,2414498,0
2019-07-17,0050,0,0,0,0,0,402750000,856000,0,0,0,856000,2448195,0
2019-07-18,0050,0,0,0,0,0,381375000,856000,0,118000,0,738000,2453087,0
2019-07-19,0050,0,15000,0,0,15000,381375000,738000,0,484000,0,254000,2476334,0
2019-07-22,0050,15000,7000,0,0,22000,381125000,254000,0,0,0,254000,2483352,0
2019-07-23,0050,22000,0,0,0,22000,381000000,254000,98000,0,0,352000,2436103,0
2019-07-24,0050,22000,0,0,0,22000,381000000,352000,0,0,0,352000,2377163,0
2019-07-25,0050,22000,0,0,0,22000,380750000,352000,0,0,0,352000,2367330,0
2019-07-26,0050,22000,8000,0,0,30000,378375000,352000,0,0,0,352000,2366986,0
2019-07-29,0050,30000,0,0,0,30000,377875000,352000,0,0,0,352000,2335998,0
2019-07-30,0050,30000,0,0,0,30000,377875000,352000,0,0,0,352000,2327928,0
2019-07-31,0050,30000,0,0,0,30000,377875000,352000,0,0,0,352000,2140795,0
2019-08-01,0050,30000,0,6000,0,24000,375500000,352000,0,0,0,352000,2075405,0
2019-08-02,0050,24000,1000,1000,0,24000,374125000,352000,0,0,0,352000,2090433,0
2019-08-05,0050,24000,17000,0,0,41000,374125000,352000,0,98000,0,254000,2131021,0
2019-08-06,0050,41000,11000,1000,0,51000,374750000,254000,0,0,0,254000,2300628,0
2019-08-07,0050,51000,4000,16000,0,39000,374750000,254000,0,0,0,254000,2410055,0
2019-08-08,0050,39000,4000,0,0,43000,374750000,254000,0,0,0,254000,2306903,0
2019-08-12,0050,43000,9000,0,0,52000,374750000,254000,0,0,0,254000,2299176,0
2019-08-13,0050,52000,2000,7000,0,47000,374750000,254000,0,0,0,254000,2235777,0
2019-08-14,0050,47000,2000,1000,0,48000,374750000,254000,0,0,0,254000,2257506,0
2019-08-15,0050,48000,7000,2000,0,53000,374750000,254000,0,0,0,254000,2331072,0
2019-08-16,0050,53000,8000,3000,0,58000,363875000,254000,0,0,0,254000,2334884,0
2019-08-19,0050,58000,54000,0,0,112000,365125000,254000,0,0,0,254000,2383509,0
2019-08-20,0050,112000,2000,6000,0,108000,356375000,254000,0,0,0,254000,2386710,0
2019-08-21,0050,108000,1000,2000,0,107000,356375000,254000,0,0,0,254000,2406807,0
2019-08-22,0050,107000,0,1000,0,106000,356375000,254000,0,0,0,254000,2456324,0
2019-08-23,0050,106000,4000,0,0,110000,356375000,254000,0,0,0,254000,2384637,0
2019-08-26,0050,110000,4000,5000,0,109000,356375000,254000,0,0,0,254000,2477835,0
2019-08-27,0050,109000,1000,4000,0,106000,356375000,254000,0,0,0,254000,2409833,0
2019-08-28,0050,106000,24000,0,0,130000,356375000,254000,0,0,0,254000,2387982,0
2019-08-29,0050,130000,6000,1000,0,135000,356375000,254000,0,0,0,254000,2314333,0
2019-08-30,0050,135000,5000,6000,0,134000,356375000,254000,300000,0,0,554000,2432632,0
2019-09-02,0050,134000,1000,1000,0,134000,356375000,554000,1487000,0,0,2041000,2399402,0
2019-09-03,0050,134000,0,14000,0,120000,319375000,2041000,0,4000,0,2037000,2366245,0
2019-09-04,0050,120000,5000,0,0,125000,319375000,2037000,0,0,0,2037000,2414742,0
2019-09-05,0050,125000,0,2000,1000,122000,320000000,2037000,0,0,0,2037000,2635392,0
2019-09-06,0050,122000,1000,1000,0,122000,320000000,2037000,0,0,0,2037000,2758339,0
2019-09-09,0050,122000,0,0,0,122000,318875000,2037000,0,0,0,2037000,2853375,0
2019-09-10,0050,122000,5000,0,0,127000,310500000,2037000,0,0,0,2037000,2874672,0
2019-09-11,0050,127000,0,0,0,127000,310500000,2037000,0,0,0,2037000,2901300,0
2019-09-12,0050,127000,2000,0,0,129000,315500000,2037000,0,0,0,2037000,2962918,0
2019-09-16,0050,129000,85000,3000,0,211000,321125000,2037000,0,0,0,2037000,3021787,0
2019-09-17,0050,211000,0,0,0,211000,322375000,2037000,0,0,0,2037000,2902991,0
2019-09-18,0050,211000,2000,3000,0,210000,322375000,2037000,0,0,0,2037000,2866391,0
2019-09-19,0050,210000,20000,50000,0,180000,294875000,2037000,0,0,0,2037000,2695146,0
2019-09-20,0050,180000,0,1000,0,179000,294875000,2037000,1569000,0,0,3606000,2608903,0
2019-09-23,0050,179000,0,0,0,179000,269750000,3606000,0,0,0,3606000,2602240,0
2019-09-24,0050,179000,0,0,0,179000,227625000,3606000,28000,0,0,3634000,2619080,0
2019-09-25,0050,179000,3000,0,0,182000,198250000,3634000,0,0,0,3634000,2584041,0
2019-09-26,0050,182000,0,1000,0,181000,195250000,3634000,315000,0,0,3949000,2562167,0
2019-09-27,0050,181000,5000,0,0,186000,195250000,3949000,3057000,0,0,7006000,2491293,0
2019-10-01,0050,186000,29000,0,0,215000,195250000,7006000,489000,0,0,7495000,2525664,0
2019-10-02,0050,215000,0,0,0,215000,195250000,7495000,0,300000,0,7195000,2517447,0
2019-10-03,0050,215000,0,0,0,215000,195250000,7195000,1707000,0,0,8902000,2524338,0
2019-10-04,0050,215000,4000,0,0,219000,195250000,8902000,80000,0,0,8982000,2500879,0
2019-10-07,0050,219000,1000,1000,0,219000,194875000,8982000,0,0,0,8982000,2448492,0
2019-10-08,0050,219000,2000,3000,0,218000,194875000,8982000,0,0,0,8982000,2538336,0
2019-10-09,0050,218000,0,0,0,218000,194875000,8982000,0,21000,0,8961000,2484582,0
2019-10-14,0050,218000,3000,1000,0,220000,194875000,8961000,110000,0,0,9071000,2554136,0
2019-10-15,0050,220000,2000,1000,0,221000,194875000,9071000,0,1000,0,9070000,2564730,0
2019-10-16,0050,221000,4000,0,0,225000,188375000,9070000,20000,7804000,0,1286000,2572230,0
2019-10-17,0050,225000,0,0,0,225000,179625000,1286000,0,0,0,1286000,2403930,0
2019-10-18,0050,225000,2000,0,0,227000,176750000,1286000,0,0,0,1286000,2367509,0
2019-10-21,0050,227000,1000,78000,0,150000,176750000,1286000,10000,0,0,1296000,2327757,0
2019-10-22,0050,150000,0,1000,0,149000,176750000,1296000,0,0,0,1296000,2252833,0
2019-10-23,0050,149000,0,1000,0,148000,175750000,1296000,0,0,0,1296000,2024346,0
2019-10-24,0050,148000,3000,6000,0,145000,175750000,1296000,0,0,0,1296000,1877878,0
2019-10-25,0050,145000,2000,0,0,147000,175250000,1296000,0,0,0,1296000,1831257,0
2019-10-28,0050,147000,1000,0,0,148000,175250000,1296000,0,0,0,1296000,1829636,0
2019-10-29,0050,148000,6000,0,0,154000,175250000,1296000,232000,0,0,1528000,1856284,0
2019-10-30,0050,154000,6000,0,0,160000,175250000,1528000,594000,0,0,2122000,1817315,0
2019-10-31,0050,160000,0,1000,0,159000,175250000,2122000,1104000,0,0,3226000,1802599,0
2019-11-01,0050,159000,16000,0,0,175000,175250000,3226000,189000,0,0,3415000,1780999,0
2019-11-04,0050,175000,20000,3000,1000,191000,175250000,3415000,94000,0,0,3509000,1678311,0
2019-11-05,0050,191000,12000,3000,0,200000,175250000,3509000,115000,0,0,3624000,1640200,0
2019-11-06,0050,200000,8000,1000,0,207000,175250000,3624000,38000,0,0,3662000,1602826,0
2019-11-07,0050,207000,1000,3000,0,205000,175500000,3662000,95000,0,0,3757000,1589629,0
2019-11-08,0050,205000,0,0,0,205000,173625000,3757000,0,462000,0,3295000,1570014,0
2019-11-11,0050,205000,2000,11000,0,196000,173625000,3295000,832000,0,0,4127000,1589331,0
2019-11-12,0050,196000,2000,0,0,198000,173625000,4127000,0,0,0,4127000,1561647,0
2019-11-13,0050,198000,1000,10000,0,189000,173625000,4127000,0,0,0,4127000,1492155,0
2019-11-14,0050,189000,0,2000,0,187000,173625000,4127000,527000,0,0,4654000,1417939,0
2019-11-15,0050,187000,0,2000,0,185000,174000000,4654000,0,0,0,4654000,1386511,0
2019-11-18,0050,185000,1000,2000,0,184000,174000000,4654000,0,0,0,4654000,1358705,0
2019-11-19,0050,184000,0,0,0,184000,174000000,4654000,0,0,0,4654000,1349451,0
2019-11-20,0050,184000,0,0,0,184000,172375000,4654000,0,0,0,4654000,1387590,0
2019-11-21,0050,184000,0,7000,0,177000,172750000,4654000,0,0,0,4654000,1298474,0
2019-11-22,0050,177000,0,0,0,177000,173375000,4654000,0,0,0,4654000,1244371,0
2019-11-25,0050,177000,0,5000,0,172000,175250000,4654000,136000,0,0,4790000,1174665,0
2019-11-26,0050,172000,0,0,0,172000,175250000,4790000,233000,0,0,5023000,1169164,0
2019-11-27,0050,172000,0,0,0,172000,175625000,5023000,69000,0,0,5092000,1148904,0
2019-11-28,0050,172000,0,0,0,172000,183750000,5092000,9000,0,0,5101000,1137023,0
2019-11-29,0050,172000,0,2000,0,170000,183750000,5101000,0,0,0,5101000,1162307,0
2019-12-02,0050,170000,0,3000,0,167000,183750000,5101000,3000,0,0,5104000,1172214,0
2019-12-03,0050,167000,0,0,0,167000,184125000,5104000,0,0,0,5104000,1153758,0
2019-12-04,0050,167000,0,2000,0,165000,175625000,5104000,0,0,0,5104000,1151056,0
2019-12-05,0050,165000,0,0,0,165000,175625000,5104000,0,0,0,5104000,1159671,0
2019-12-06,0050,165000,0,0,0,165000,175625000,5104000,0,0,0,5104000,1113903,0
2019-12-09,0050,165000,0,0,0,165000,176125000,5104000,0,0,0,5104000,1092927,0
2019-12-10,0050,165000,0,1000,0,164000,176125000,5104000,170000,0,0,5274000,1073472,0
2019-12-11,0050,164000,0,0,0,164000,184375000,5274000,0,0,0,5274000,1038997,0
2019-12-12,0050,164000,0,1000,0,163000,192625000,5274000,60000,1553000,0,3781000,1028616,0
2019-12-13,0050,163000,0,1000,0,162000,200875000,3781000,0,0,0,3781000,1059350,0
2019-12-16,0050,162000,0,0,0,162000,205000000,3781000,0,0,0,3781000,1036868,0
2019-12-17,0050,162000,1000,0,0,163000,205000000,3781000,0,0,0,3781000,1044237,0
2019-12-18,0050,163000,0,0,0,163000,205000000,3781000,0,0,0,3781000,1036917,0
2019-12-19,0050,163000,0,1000,0,162000,205000000,3781000,0,170000,0,3611000,1029126,0
2019-12-20,0050,162000,0,0,0,162000,203250000,3611000,0,0,0,3611000,1033756,0
2019-12-23,0050,162000,1000,0,0,163000,179000000,3611000,0,0,0,3611000,1009330,0
2019-12-24,0050,163000,1000,0,0,164000,175125000,3611000,0,0,0,3611000,999164,0
2019-12-25,0050,164000,5000,0,0,169000,175125000,3611000,0,0,0,3611000,997700,0
2019-12-26,0050,169000,0,2000,0,167000,172625000,3611000,164000,0,0,3775000,1006917,0
2019-12-27,0050,167000,1000,0,0,168000,171375000,3775000,0,0,0,3775000,1011589,0
2019-12-30,0050,168000,2000,0,0,170000,171000000,3775000,0,0,0,3775000,1022100,0
2019-12-31,0050,170000,1000,0,0,171000,171750000,3775000,911000,0,0,4686000,1036923,0
2020-01-02,0050,171000,2000,1000,0,172000,171750000,4686000,327000,0,0,5013000,1006197,0
2020-01-03,0050,172000,2000,2000,0,172000,167375000,5013000,217000,0,0,5230000,1041495,0
2020-01-06,0050,172000,4000,3000,0,173000,167375000,5230000,351000,0,0,5581000,1119647,0
2020-01-07,0050,173000,3000,12000,0,164000,167375000,5581000,515000,68000,0,6028000,1157726,0
2020-01-08,0050,164000,5000,0,0,169000,165125000,6028000,562000,0,0,6590000,1204621,0
2020-01-09,0050,169000,9000,4000,0,174000,165125000,6590000,86000,0,0,6676000,1256684,0
2020-01-10,0050,174000,0,3000,0,171000,166625000,6676000,924000,0,0,7600000,1333876,0
2020-01-13,0050,171000,2000,3000,0,170000,166625000,7600000,78000,0,0,7678000,1346943,0
2020-01-14,0050,170000,1000,6000,0,165000,167250000,7678000,70000,0,0,7748000,1441709,0
2020-01-15,0050,165000,0,51000,0,114000,167000000,7748000,586000,0,0,8334000,1530195,0
2020-01-16,0050,114000,0,112000,0,2000,167125000,8334000,328000,0,0,8662000,1593954,0
2020-01-17,0050,2000,0,0,2000,0,167500000,8662000,792000,0,0,9454000,1640755,0
2020-01-20,0050,0,0,0,0,0,162250000,9454000,10000,26000,0,9438000,1676510,0
2020-01-30,0050,0,0,0,0,0,164625000,9438000,0,0,0,9438000,1970017,0
2020-01-31,0050,0,24000,0,0,24000,171500000,9438000,0,0,0,9438000,2140341,0
2020-02-03,0050,24000,13000,0,0,37000,172125000,9438000,0,0,0,9438000,2279209,0
2020-02-04,0050,37000,26000,0,0,63000,176375000,9438000,0,0,0,9438000,2284052,0
2020-02-05,0050,63000,16000,0,0,79000,177000000,9438000,29000,0,0,9467000,2292266,0
2020-02-06,0050,79000,70000,5000,0,144000,176125000,9467000,0,0,0,9467000,2354406,0
2020-02-07,0050,144000,19000,2000,0,161000,177375000,9467000,0,0,0,9467000,2402922,0
2020-02-10,0050,161000,14000,35000,0,140000,179625000,9467000,0,0,0,9467000,2438388,0
2020-02-11,0050,140000,21000,6000,0,155000,179625000,9467000,0,0,0,9467000,2466832,0
2020-02-12,0050,155000,7000,2000,0,160000,180625000,9467000,0,0,0,9467000,2489698,0
2020-02-13,0050,160000,1000,1000,0,160000,180625000,9467000,0,0,0,9467000,2513074,0
2020-02-14,0050,160000,7000,2000,0,165000,180625000,9467000,0,0,0,9467000,2548858,0
2020-02-17,0050,165000,10000,0,0,175000,180625000,9467000,0,0,0,9467000,2593629,0
2020-02-18,0050,175000,6000,8000,0,173000,179750000,9467000,0,0,0,9467000,2687963,0
2020-02-19,0050,173000,11000,6000,0,178000,180375000,9467000,0,0,0,9467000,2737652,0
2020-02-20,0050,178000,0,1000,0,177000,183250000,9467000,0,0,0,9467000,2771648,0
2020-02-21,0050,177000,8000,0,0,185000,187375000,9467000,0,314000,0,9153000,2782620,0
2020-02-24,0050,185000,6000,6000,0,185000,187375000,9153000,0,0,0,9153000,2869520,0
2020-02-25,0050,185000,34000,29000,0,190000,190375000,9153000,0,0,0,9153000,2889785,0
2020-02-26,0050,190000,20000,6000,0,204000,191000000,9153000,0,0,0,9153000,2949128,0
2020-02-27,0050,204000,14000,33000,0,185000,191375000,9153000,2141000,0,0,11294000,3132722,0
2020-03-02,0050,185000,73000,30000,0,228000,193500000,11294000,0,0,0,11294000,3326499,0
2020-03-03,0050,228000,71000,12000,0,287000,201875000,11294000,457000,0,0,11751000,3365578,0
2020-03-04,0050,287000,144000,1000,0,430000,201875000,11751000,0,120000,0,11631000,3359233,0
2020-03-05,0050,430000,41000,12000,0,459000,201875000,11631000,51000,0,0,11682000,3390579,0
2020-03-06,0050,459000,12000,5000,0,466000,203750000,11682000,832000,0,0,12514000,3446093,0
2020-03-09,0050,466000,30000,60000,0,436000,203750000,12514000,138000,0,0,12652000,3620844,0
2020-03-10,0050,436000,104000,87000,0,453000,207500000,12652000,296000,0,0,12948000,3771822,0
2020-03-11,0050,453000,125000,3000,0,575000,211250000,12948000,1136000,0,0,14084000,3843677,0
2020-03-12,0050,575000,91000,110000,0,556000,221875000,14084000,144000,1000,0,14227000,4223080,0
2020-03-13,0050,556000,186000,55000,0,687000,235125000,14227000,2110000,0,0,16337000,4437500,0
2020-03-16,0050,687000,192000,75000,0,804000,240250000,16337000,2611000,0,0,18948000,4550661,0
2020-03-17,0050,804000,244000,166000,0,882000,246125000,18948000,170000,0,0,19118000,4903884,0
2020-03-18,0050,882000,941000,113000,0,1710000,261375000,19118000,1508000,0,0,20626000,1760914,0
2020-03-19,0050,1710000,417000,256000,1000,1870000,266500000,20626000,1871000,0,0,22497000,1965371,0
2020-03-20,0050,1870000,613000,273000,1000,2209000,267750000,22497000,1765000,0,0,24262000,2066084,0
2020-03-23,0050,2209000,243000,163000,0,2289000,265250000,24262000,0,0,0,24262000,2109118,0
2020-03-24,0050,2289000,277000,102000,0,2464000,265250000,24262000,44000,0,0,24306000,2174611,0
2020-03-25,0050,2464000,142000,161000,0,2445000,264000000,24306000,0,0,0,24306000,2266519,0
2020-03-26,0050,2445000,201000,92000,0,2554000,264000000,24306000,0,0,0,24306000,2311771,0
2020-03-27,0050,2554000,27000,127000,0,2454000,263750000,24306000,8000,0,0,24314000,2365770,0
2020-03-30,0050,2454000,19000,100000,1000,2372000,263750000,24314000,838000,0,0,25152000,2394496,0
2020-03-31,0050,2372000,38000,29000,45000,2336000,263750000,25152000,396000,21000,0,25527000,2406155,0
2020-04-01,0050,2336000,13000,65000,1000,2283000,263750000,25527000,0,0,0,25527000,2397551,0
2020-04-06,0050,2283000,24000,31000,0,2276000,264000000,25527000,25000,29000,0,25523000,2411753,0
2020-04-07,0050,2276000,15000,97000,0,2194000,265375000,25523000,0,7000,0,25516000,2440965,0
2020-04-08,0050,2194000,15000,64000,0,2145000,265375000,25516000,0,498000,0,25018000,2473730,0
2020-04-09,0050,2145000,4000,155000,0,1994000,262875000,25018000,64000,218000,0,24864000,2480657,0
2020-04-10,0050,1994000,4000,13000,0,1985000,261625000,24864000,105000,79000,0,24890000,2470606,0
2020-04-13,0050,1985000,12000,12000,0,1985000,261625000,24890000,595000,7000,0,25478000,2444523,0
2020-04-14,0050,1985000,13000,47000,0,1951000,261625000,25478000,0,5000,0,25473000,2405968,0
2020-04-15,0050,1951000,27000,62000,0,1916000,260375000,25473000,110000,111000,0,25472000,2370857,0
2020-04-16,0050,1916000,20000,53000,1000,1882000,260375000,25472000,0,176000,0,25296000,2375315,0
2020-04-17,0050,1882000,18000,67000,109000,1724000,259625000,25296000,68000,201000,0,25163000,2462297,0
2020-04-20,0050,1724000,0,35000,1000,1688000,259625000,25163000,0,0,0,25163000,2470800,0
2020-04-21,0050,1688000,0,38000,598000,1052000,259625000,25163000,100000,300000,0,24963000,2484087,0
2020-04-22,0050,1052000,41000,36000,0,1057000,255375000,24963000,100000,544000,0,24519000,2427960,0
2020-04-23,0050,1057000,26000,13000,0,1070000,255375000,24519000,554000,65000,0,25008000,2393009,0
2020-04-24,0050,1070000,18000,4000,0,1084000,255375000,25008000,0,0,0,25008000,2361202,0
2020-04-27,0050,1084000,15000,14000,0,1085000,255375000,25008000,0,0,0,25008000,2257894,0
2020-04-28,0050,1085000,5000,13000,0,1077000,255375000,25008000,0,6000,0,25002000,2104067,0
2020-04-29,0050,1077000,5000,34000,0,1048000,255375000,25002000,0,200000,0,24802000,2030934,0
2020-04-30,0050,1048000,0,66000,0,982000,255375000,24802000,0,7000,0,24795000,1923065,0
2020-05-04,0050,982000,0,46000,0,936000,255375000,24795000,0,0,0,24795000,1819258,0
2020-05-05,0050,936000,36000,5000,0,967000,255375000,24795000,0,1305000,0,23490000,1618499,0
2020-05-06,0050,967000,10000,25000,0,952000,255375000,23490000,131000,500000,0,23121000,1502606,0
2020-05-07,0050,952000,9000,6000,0,955000,255375000,23121000,13000,0,0,23134000,1448192,0
2020-05-08,0050,955000,9000,7000,0,957000,255375000,23134000,0,0,0,23134000,1378449,0
2020-05-11,0050,957000,3000,10000,0,950000,255375000,23134000,0,0,0,23134000,1291675,0
2020-05-12,0050,950000,2000,11000,0,941000,255375000,23134000,0,0,0,23134000,1266120,0
2020-05-13,0050,941000,6000,1000,0,946000,255375000,23134000,0,4000,0,23130000,1209498,0
2020-05-14,0050,946000,14000,11000,0,949000,256250000,23130000,0,0,0,23130000,1193289,0
2020-05-15,0050,949000,5000,1000,0,953000,256250000,23130000,50000,0,0,23180000,1181378,0
2020-05-18,0050,953000,0,1000,1000,951000,257250000,23180000,21000,0,0,23201000,1175790,0
2020-05-19,0050,951000,17000,7000,0,961000,257250000,23201000,0,0,0,23201000,1153358,0
2020-05-20,0050,961000,23000,12000,0,972000,257875000,23201000,0,1000000,0,22201000,1135331,0
2020-05-21,0050,972000,4000,15000,0,961000,256625000,22201000,3000,0,0,22204000,1109789,0
2020-05-22,0050,961000,21000,4000,0,978000,256625000,22204000,0,236000,0,21968000,1102136,0
2020-05-25,0050,978000,8000,1000,0,985000,257625000,21968000,0,0,0,21968000,1100222,0
2020-05-26,0050,985000,0,6000,0,979000,257625000,21968000,157000,0,0,22125000,1126969,0
2020-05-27,0050,979000,0,3000,0,976000,257625000,22125000,0,0,0,22125000,1098529,0
2020-05-28,0050,976000,0,10000,0,966000,257625000,22125000,0,0,0,22125000,1065581,0
2020-05-29,0050,966000,0,0,0,966000,257625000,22125000,0,0,0,22125000,1041952,0
2020-06-01,0050,966000,0,9000,0,957000,257625000,22125000,0,463000,0,21662000,954729,0
2020-06-02,0050,957000,1000,7000,0,951000,256625000,21662000,0,3827000,0,17835000,953431,0
2020-06-03,0050,951000,5000,13000,0,943000,256625000,17835000,0,1000000,0,16835000,943547,0
2020-06-04,0050,943000,15000,30000,0,928000,255875000,16835000,0,1266000,0,15569000,957349,0
2020-06-05,0050,928000,0,10000,0,918000,255875000,15569000,0,1922000,0,13647000,946074,0
2020-06-08,0050,918000,1000,19000,0,900000,268250000,13647000,0,2158000,0,11489000,978690,0
2020-06-09,0050,900000,1000,24000,0,877000,284625000,11489000,0,475000,0,11014000,2910460,0
2020-06-10,0050,877000,17000,29000,0,865000,284625000,11014000,0,1294000,0,9720000,2944882,0
2020-06-11,0050,865000,4000,13000,0,856000,296375000,9720000,16000,300000,0,9436000,2967933,0
2020-06-12,0050,856000,2000,11000,0,847000,325375000,9436000,0,217000,0,9219000,2995716,0
2020-06-15,0050,847000,0,12000,0,835000,346000000,9219000,304000,0,0,9523000,2934969,0
2020-06-16,0050,835000,36000,4000,0,867000,358250000,9523000,326000,363000,0,9486000,2965273,0
2020-06-17,0050,867000,0,7000,0,860000,366750000,9486000,0,0,0,9486000,3018949,0
2020-06-18,0050,860000,3000,5000,0,858000,366750000,9486000,0,22000,0,9464000,3007897,0
2020-06-19,0050,858000,0,5000,1000,852000,366750000,9464000,0,0,0,9464000,2970897,0
2020-06-22,0050,852000,0,4000,0,848000,328500000,9464000,0,0,0,9464000,3010137,0
2020-06-23,0050,848000,25000,20000,0,853000,328500000,9464000,0,0,0,9464000,2981292,0
2020-06-24,0050,853000,1000,25000,0,829000,328500000,9464000,100000,2041000,0,7523000,3032240,0
2020-06-29,0050,829000,54000,8000,0,875000,328500000,7523000,476000,447000,0,7552000,3042657,0
2020-06-30,0050,875000,0,57000,0,818000,332750000,7552000,0,0,0,7552000,3061101,0
2020-07-01,0050,818000,3000,6000,0,815000,332750000,7552000,0,0,0,7552000,3078176,0
2020-07-02,0050,815000,27000,15000,0,827000,332750000,7552000,44000,53000,0,7543000,3099413,0
2020-07-03,0050,827000,8000,5000,0,830000,332750000,7543000,11000,0,0,7554000,3150303,0
2020-07-06,0050,830000,1000,22000,0,809000,332750000,7554000,0,0,0,7554000,3219316,0
2020-07-07,0050,809000,8000,119000,0,698000,332750000,7554000,0,0,0,7554000,3225053,0
2020-07-08,0050,698000,4000,68000,2000,632000,332750000,7554000,0,0,0,7554000,3284001,0
2020-07-09,0050,632000,0,24000,0,608000,331500000,7554000,0,3424000,0,4130000,3201868,0
2020-07-10,0050,608000,42000,33000,0,617000,331375000,4130000,0,0,0,4130000,3270996,0
2020-07-13,0050,617000,3000,58000,0,562000,328875000,4130000,0,715000,0,3415000,3316772,0
2020-07-14,0050,562000,1000,66000,51000,446000,328500000,3415000,277000,150000,0,3542000,3398371,0
2020-07-15,0050,446000,0,442000,1000,3000,299000000,3542000,150000,2000,0,3690000,3527876,0
2020-07-16,0050,3000,0,0,3000,0,294625000,3690000,111000,0,0,3801000,3484726,0
2020-07-17,0050,0,0,0,0,0,285875000,3801000,351000,0,0,4152000,3483658,0
2020-07-20,0050,0,0,0,0,0,280625000,4152000,200000,700000,0,3652000,3428157,0
2020-07-21,0050,0,41000,0,0,41000,284875000,3652000,200000,0,0,3852000,3576401,0
2020-07-22,0050,41000,26000,1000,0,66000,290125000,3852000,0,424000,0,3428000,3493344,0
2020-07-23,0050,66000,7000,5000,0,68000,287375000,3428000,400000,0,0,3828000,3439868,0
2020-07-24,0050,68000,75000,2000,0,141000,286250000,3828000,180000,0,0,4008000,3503656,0
2020-07-27,0050,141000,20000,18000,0,143000,286000000,4008000,894000,0,0,4902000,3590605,0
2020-07-28,0050,143000,4000,6000,0,141000,285750000,4902000,472000,200000,0,5174000,3599199,0
2020-07-29,0050,141000,9000,6000,0,144000,285750000,5174000,110000,0,0,5284000,3599829,0
2020-07-30,0050,144000,2000,1000,0,145000,285750000,5284000,135000,0,0,5419000,3557289,0
2020-07-31,0050,145000,2000,10000,0,137000,285750000,5419000,166000,117000,0,5468000,3495327,0
2020-08-03,0050,137000,0,18000,0,119000,285750000,5468000,0,100000,0,5368000,3517559,0
2020-08-04,0050,119000,9000,0,0,128000,285750000,5368000,0,150000,0,5218000,3542200,0
2020-08-05,0050,128000,5000,0,0,133000,285750000,5218000,300000,0,0,5518000,3487470,0
2020-08-06,0050,133000,9000,1000,0,141000,285750000,5518000,0,0,0,5518000,3475122,0
2020-08-07,0050,141000,7000,0,0,148000,281750000,5518000,127000,0,0,5645000,3442540,0
2020-08-10,0050,148000,0,1000,0,147000,281750000,5645000,190000,0,0,5835000,3403747,0
2020-08-11,0050,147000,0,0,0,147000,281750000,5835000,57000,200000,0,5692000,3355388,0
2020-08-12,0050,147000,0,13000,0,134000,281750000,5692000,0,0,0,5692000,3314762,0
2020-08-13,0050,134000,7000,0,0,141000,281750000,5692000,0,0,0,5692000,3293360,0
2020-08-14,0050,141000,0,9000,0,132000,281750000,5692000,0,0,0,5692000,3181328,0
2020-08-17,0050,132000,18000,0,0,150000,281750000,5692000,0,0,0,5692000,3093051,0
2020-08-18,0050,150000,0,0,0,150000,281750000,5692000,0,270000,0,5422000,2991229,0
2020-08-19,0050,150000,0,1000,0,149000,269375000,5422000,0,0,0,5422000,2940209,0
2020-08-20,0050,149000,12000,26000,0,135000,269375000,5422000,41000,587000,0,4876000,3055175,0
2020-08-21,0050,135000,17000,5000,0,147000,258125000,4876000,119000,0,0,4995000,3021476,0
2020-08-24,0050,147000,13000,7000,0,153000,258125000,4995000,0,0,0,4995000,2938116,0
2020-08-25,0050,153000,20000,2000,0,171000,258125000,4995000,0,0,0,4995000,2839408,0
2020-08-26,0050,171000,11000,0,0,182000,258125000,4995000,0,0,0,4995000,2652906,0
2020-08-27,0050,182000,15000,1000,0,196000,258125000,4995000,0,330000,0,4665000,2633646,0
2020-08-28,0050,196000,0,3000,0,193000,258125000,4665000,110000,0,0,4775000,2492674,0
2020-08-31,0050,193000,5000,22000,0,176000,257875000,4775000,0,0,0,4775000,2455409,0
2020-09-01,0050,176000,29000,1000,0,204000,257875000,4775000,130000,0,0,4905000,2265356,0
2020-09-02,0050,204000,12000,4000,0,212000,257875000,4905000,0,50000,0,4855000,2234248,0
2020-09-03,0050,212000,5000,0,0,217000,257875000,4855000,0,0,0,4855000,2225450,0
2020-09-04,0050,217000,1000,32000,0,186000,257875000,4855000,235000,0,0,5090000,2110834,0
2020-09-07,0050,186000,16000,4000,0,198000,257875000,5090000,0,0,0,5090000,1937089,0
2020-09-08,0050,198000,3000,1000,0,200000,257875000,5090000,0,0,0,5090000,1757906,0
2020-09-09,0050,200000,1000,19000,0,182000,257875000,5090000,210000,0,0,5300000,1724280,0
2020-09-10,0050,182000,30000,1000,0,211000,257875000,5300000,146000,0,0,5446000,1694222,0
2020-09-11,0050,211000,1000,0,0,212000,257875000,5446000,20000,0,0,5466000,1670135,0
2020-09-14,0050,212000,0,2000,0,210000,257875000,5466000,180000,0,0,5646000,1655080,0
2020-09-15,0050,210000,1000,24000,0,187000,257875000,5646000,600000,0,0,6246000,1661487,0
2020-09-16,0050,187000,1000,2000,0,186000,257875000,6246000,800000,0,0,7046000,1758975,0
2020-09-17,0050,186000,1000,0,0,187000,257875000,7046000,898000,0,0,7944000,1772163,0
2020-09-18,0050,187000,0,0,0,187000,257875000,7944000,401000,721000,0,7624000,1753643,0
2020-09-21,0050,187000,2000,0,0,189000,257875000,7624000,1504000,0,0,9128000,1751682,0
2020-09-22,0050,189000,0,4000,0,185000,250125000,9128000,2817000,0,0,11945000,1786052,0
2020-09-23,0050,185000,0,24000,0,161000,250125000,11945000,1342000,0,0,13287000,1821426,0
2020-09-24,0050,161000,2000,9000,0,154000,249500000,13287000,1153000,190000,0,14250000,1924661,0
2020-09-25,0050,154000,33000,11000,0,176000,250750000,14250000,690000,0,0,14940000,1981851,0
2020-09-28,0050,176000,4000,7000,0,173000,244625000,14940000,207000,0,0,15147000,1985703,0
2020-09-29,0050,173000,22000,5000,0,190000,244625000,15147000,218000,0,0,15365000,1985839,0
2020-09-30,0050,190000,8000,1000,0,197000,235750000,15365000,119000,0,0,15484000,1960861,0
2020-10-05,0050,197000,2000,0,0,199000,235750000,15484000,137000,0,0,15621000,1832605,0
2020-10-06,0050,199000,3000,14000,0,188000,235750000,15621000,83000,0,0,15704000,1820030,0
2020-10-07,0050,188000,3000,10000,0,181000,235750000,15704000,51000,0,0,15755000,1822956,0
2020-10-08,0050,181000,11000,1000,0,191000,235750000,15755000,305000,0,0,16060000,1921567,0
2020-10-12,0050,191000,8000,4000,0,195000,235750000,16060000,154000,0,0,16214000,1993292,0
2020-10-13,0050,195000,7000,2000,0,200000,233250000,16214000,30000,0,0,16244000,1990337,0
2020-10-14,0050,200000,0,1000,0,199000,233250000,16244000,0,0,0,16244000,1976832,0
2020-10-15,0050,199000,0,12000,0,187000,233250000,16244000,134000,0,0,16378000,1964735,0
2020-10-16,0050,187000,0,1000,0,186000,233250000,16378000,1000,0,0,16379000,1939768,0
2020-10-19,0050,186000,0,1000,0,185000,233250000,16379000,50000,0,0,16429000,1933031,0
2020-10-20,0050,185000,0,0,0,185000,233250000,16429000,0,0,0,16429000,1895879,0
2020-10-21,0050,185000,0,0,0,185000,233875000,16429000,50000,0,0,16479000,1922713,0
2020-10-22,0050,185000,0,7000,0,178000,233875000,16479000,50000,0,0,16529000,1889299,0
2020-10-23,0050,178000,1000,10000,0,169000,233875000,16529000,410000,0,0,16939000,1876313,0
2020-10-26,0050,169000,2000,0,0,171000,233875000,16939000,0,0,0,16939000,1842756,0
2020-10-27,0050,171000,0,0,0,171000,233875000,16939000,100000,0,0,17039000,1841322,0
2020-10-28,0050,171000,0,1000,0,170000,233875000,17039000,1841000,0,0,18880000,1860092,0
2020-10-29,0050,170000,0,4000,0,166000,233875000,18880000,1617000,0,0,20497000,1874474,0
2020-10-30,0050,166000,5000,6000,0,165000,235125000,20497000,1332000,0,0,21829000,1885731,0
2020-11-02,0050,165000,5000,2000,0,168000,230125000,21829000,1196000,0,0,23025000,1839466,0
2020-11-03,0050,168000,5000,1000,0,172000,231375000,23025000,263000,0,0,23288000,1796418,0
2020-11-04,0050,172000,2000,3000,0,171000,231375000,23288000,125000,1300000,0,22113000,1797718,0
2020-11-05,0050,171000,0,0,0,171000,232750000,22113000,20000,0,0,22133000,1783935,0
2020-11-06,0050,171000,8000,0,0,179000,232750000,22133000,232000,0,0,22365000,1780730,0
2020-11-09,0050,179000,3000,10000,0,172000,232750000,22365000,90000,0,0,22455000,1800486,0
2020-11-10,0050,172000,2000,3000,0,171000,232750000,22455000,93000,445000,0,22103000,1687153,0
2020-11-11,0050,171000,2000,1000,0,172000,232750000,22103000,296000,388000,0,22011000,1678477,0
2020-11-12,0050,172000,1000,0,0,173000,231500000,22011000,0,125000,0,21886000,1656915,0
2020-11-13,0050,173000,1000,1000,0,173000,231500000,21886000,0,50000,0,21836000,1657620,0
2020-11-16,0050,173000,43000,17000,0,199000,231500000,21836000,100000,0,0,21936000,1716375,0
2020-11-17,0050,199000,15000,4000,0,210000,231500000,21936000,1429000,0,0,23365000,1740220,0
2020-11-18,0050,210000,20000,0,0,230000,234375000,23365000,393000,150000,0,23608000,1868943,0
2020-11-19,0050,230000,38000,2000,0,266000,232500000,23608000,0,300000,0,23308000,1873883,0
2020-11-20,0050,266000,1000,6000,0,261000,238250000,23308000,311000,0,0,23619000,1787181,0
2020-11-23,0050,261000,7000,30000,0,238000,248250000,23619000,343000,0,0,23962000,1746802,0
2020-11-24,0050,238000,0,0,0,238000,240875000,23962000,942000,2000,0,24902000,1754513,0
2020-11-25,0050,238000,0,16000,1000,221000,230875000,24902000,634000,0,0,25536000,1770726,0
2020-11-26,0050,221000,2000,0,0,223000,237375000,25536000,245000,0,0,25781000,1750836,0
2020-11-27,0050,223000,3000,11000,0,215000,247625000,25781000,1742000,0,0,27523000,1771746,0
2020-11-30,0050,215000,1000,1000,0,215000,247625000,27523000,305000,0,0,27828000,1832851,0
2020-12-01,0050,215000,5000,2000,0,218000,231500000,27828000,5000,0,0,27833000,1869685,0
2020-12-02,0050,218000,12000,2000,0,228000,232500000,27833000,1457000,0,0,29290000,1845014,0
2020-12-03,0050,228000,0,0,0,228000,238500000,29290000,1254000,0,0,30544000,1883203,0
2020-12-04,0050,228000,0,17000,0,211000,243750000,30544000,2013000,0,0,32557000,1974665,0
2020-12-07,0050,211000,0,1000,0,210000,230750000,32557000,269000,0,0,32826000,2014077,0
2020-12-08,0050,210000,0,0,0,210000,231500000,32826000,439000,0,0,33265000,2043717,0
2020-12-09,0050,210000,0,4000,0,206000,243375000,33265000,987000,46000,0,34206000,2058922,0
2020-12-10,0050,206000,0,3000,0,203000,232750000,34206000,375000,0,0,34581000,2071184,0
2020-12-11,0050,203000,0,0,0,203000,232750000,34581000,344000,0,0,34925000,2053526,0
2020-12-14,0050,203000,2000,0,0,205000,249000000,34925000,162000,0,0,35087000,1976038,0
2020-12-15,0050,205000,2000,0,0,207000,240875000,35087000,1367000,0,0,36454000,2028245,0
2020-12-16,0050,207000,5000,2000,0,210000,241500000,36454000,1834000,0,0,38288000,2111261,0
2020-12-17,0050,210000,1000,0,0,211000,241500000,38288000,693000,0,0,38981000,2097963,0
2020-12-18,0050,211000,0,0,0,211000,241500000,38981000,416000,0,0,39397000,2060662,0
2020-12-21,0050,211000,0,0,0,211000,243250000,39397000,223000,0,0,39620000,1990387,0
2020-12-22,0050,211000,0,0,0,211000,232625000,39620000,732000,0,0,40352000,2004366,0
2020-12-23,0050,211000,0,1000,0,210000,233875000,40352000,35000,1000000,0,39387000,1960523,0
2020-12-24,0050,210000,0,0,0,210000,244875000,39387000,29000,45000,0,39371000,1946805,0
2020-12-25,0050,210000,0,0,0,210000,235750000,39371000,148000,0,0,39519000,1937292,0
2020-12-28,0050,210000,0,0,0,210000,235750000,39519000,109000,2327000,0,37301000,1878041,0
2020-12-29,0050,210000,0,1000,0,209000,236375000,37301000,54000,350000,0,37005000,1826842,0
2020-12-30,0050,209000,0,0,0,209000,236375000,37005000,18000,9000,0,37014000,1684384,0
2020-12-31,0050,209000,0,4000,0,205000,236375000,37014000,794000,1500000,0,36308000,1697788,0
2021-01-04,0050,205000,0,19000,0,186000,236375000,36308000,522000,0,0,36830000,1712856,0
2021-01-05,0050,186000,0,0,0,186000,236375000,36830000,133000,0,0,36963000,1704480,0
2021-01-06,0050,186000,0,4000,0,182000,236375000,36963000,544000,0,0,37507000,1751261,0
2021-01-07,0050,182000,0,3000,0,179000,236000000,37507000,7000,1094000,0,36420000,1778054,0
2021-01-08,0050,179000,0,7000,0,172000,230500000,36420000,0,0,0,36420000,1885427,0
2021-01-11,0050,172000,2000,4000,0,170000,231750000,36420000,212000,420000,0,36212000,1937055,0
2021-01-12,0050,170000,1000,13000,0,158000,231375000,36212000,88000,806000,0,35494000,1953587,0
2021-01-13,0050,158000,0,3000,0,155000,231375000,35494000,1716000,25000,0,37185000,2011743,0
2021-01-14,0050,155000,1000,33000,0,123000,229375000,37185000,326000,248000,0,37263000,2074326,0
2021-01-15,0050,123000,10000,46000,0,87000,229375000,37263000,20000,2224000,0,35059000,2233884,0
2021-01-18,0050,87000,0,61000,20000,6000,230125000,35059000,35000,1342000,0,33752000,2255322,0
2021-01-19,0050,6000,0,0,6000,0,223875000,33752000,0,3575000,0,30177000,2309349,0
2021-01-20,0050,0,0,0,0,0,218125000,30177000,213000,293000,0,30097000,2549002,0
2021-01-21,0050,0,0,0,0,0,216250000,30097000,0,4478000,0,25619000,2626274,0
2021-01-22,0050,0,14000,0,0,14000,217750000,25619000,0,0,0,25619000,2789236,0
2021-01-25,0050,14000,42000,0,0,56000,218875000,25619000,0,90000,0,25529000,2883836,0
2021-01-26,0050,56000,14000,4000,0,66000,218875000,25529000,136000,400000,0,25265000,3009836,0
2021-01-27,0050,66000,30000,12000,0,84000,221000000,25265000,287000,0,0,25552000,2994429,0
2021-01-28,0050,84000,14000,11000,0,87000,221000000,25552000,80000,0,0,25632000,3013024,0
2021-01-29,0050,87000,31000,12000,0,106000,226250000,25632000,80000,0,0,25712000,3130107,0
2021-02-01,0050,106000,12000,4000,0,114000,226250000,25712000,70000,176000,0,25606000,3249356,0
2021-02-02,0050,114000,20000,18000,0,116000,226250000,25606000,13000,143000,0,25476000,3317281,0
2021-02-03,0050,116000,2000,4000,0,114000,226250000,25476000,150000,182000,0,25444000,3331962,0
2021-02-04,0050,114000,9000,3000,11000,109000,226250000,25444000,93000,2000,0,25535000,3357327,0
2021-02-05,0050,109000,7000,1000,0,115000,226250000,25535000,81000,2020000,0,23596000,3423504,0
2021-02-17,0050,115000,12000,15000,0,112000,226250000,23596000,220000,0,0,23816000,3587802,0
2021-02-18,0050,112000,5000,15000,0,102000,227500000,23816000,30000,352000,0,23494000,3660894,0
2021-02-19,0050,102000,3000,3000,0,102000,227500000,23494000,40000,553000,0,22981000,3722400,0
2021-02-22,0050,102000,12000,5000,0,109000,226250000,22981000,140000,1000,0,23120000,3738944,0
2021-02-23,0050,109000,24000,11000,0,122000,226250000,23120000,10000,3000,0,23127000,3760753,0
2021-02-24,0050,122000,7000,13000,0,116000,226250000,23127000,160000,2000,0,23285000,3809949,0
2021-02-25,0050,116000,0,13000,0,103000,226250000,23285000,140000,0,0,23425000,3864008,0
2021-02-26,0050,103000,1000,26000,0,78000,232375000,23425000,70000,0,0,23495000,4032670,0
2021-03-02,0050,78000,17000,2000,0,93000,231625000,23495000,518000,0,0,24013000,4039050,0
2021-03-03,0050,93000,5000,13000,0,85000,232250000,24013000,40000,0,0,24053000,3992033,0
2021-03-04,0050,85000,18000,4000,0,99000,234875000,24053000,50000,2000,0,24101000,4063518,0
2021-03-05,0050,99000,18000,14000,0,103000,235875000,24101000,10000,24000,0,24087000,4098501,0
2021-03-08,0050,103000,35000,2000,3000,133000,237875000,24087000,0,181000,0,23906000,4113625,0
2021-03-09,0050,133000,5000,6000,0,132000,239375000,23906000,0,0,0,23906000,4127279,0
2021-03-10,0050,132000,8000,16000,0,124000,243625000,23906000,2000,0,0,23908000,3964037,0
2021-03-11,0050,124000,3000,15000,0,112000,243625000,23908000,0,0,0,23908000,3912518,0
2021-03-12,0050,112000,17000,10000,0,119000,243625000,23908000,0,300000,0,23608000,3846905,0
2021-03-15,0050,119000,3000,3000,0,119000,243375000,23608000,0,0,0,23608000,3581754,0
2021-03-16,0050,119000,12000,10000,0,121000,243375000,23608000,0,50000,0,23558000,3510140,0
2021-03-17,0050,121000,14000,1000,0,134000,243500000,23558000,26000,450000,0,23134000,3332232,0
2021-03-18,0050,134000,3000,6000,0,131000,243500000,23134000,0,210000,0,22924000,3260155,0
2021-03-19,0050,131000,6000,26000,0,111000,243500000,22924000,110000,100000,0,22934000,3216273,0
2021-03-22,0050,111000,16000,9000,0,118000,244500000,22934000,0,1100000,0,21834000,3190136,0
2021-03-23,0050,118000,26000,1000,0,143000,243750000,21834000,0,1628000,0,20206000,3107649,0
2021-03-24,0050,143000,13000,35000,0,121000,243750000,20206000,0,451000,0,19755000,3071378,0
2021-03-25,0050,121000,11000,0,0,132000,244750000,19755000,0,0,0,19755000,2978136,0
2021-03-26,0050,132000,48000,1000,0,179000,244750000,19755000,0,50000,0,19705000,2947536,0
2021-03-29,0050,179000,17000,7000,0,189000,244750000,19705000,0,460000,0,19245000,2957595,0
2021-03-30,0050,189000,4000,22000,0,171000,244750000,19245000,0,450000,0,18795000,2939135,0
2021-03-31,0050,171000,3000,1000,0,173000,244375000,18795000,0,671000,0,18124000,2926263,0
2021-04-01,0050,173000,3000,4000,0,172000,244375000,18124000,51000,0,0,18175000,2807379,0
2021-04-06,0050,172000,0,2000,0,170000,244375000,18175000,0,0,0,18175000,2794722,0
2021-04-07,0050,170000,0,2000,0,168000,242875000,18175000,0,0,0,18175000,2746224,0
2021-04-08,0050,168000,2000,1000,0,169000,242875000,18175000,0,0,0,18175000,2739334,0
2021-04-09,0050,169000,0,5000,0,164000,242875000,18175000,0,40000,0,18135000,2696696,0
2021-04-12,0050,164000,0,0,0,164000,242875000,18135000,0,0,0,18135000,2645881,0
2021-04-13,0050,164000,0,0,0,164000,241750000,18135000,2000,0,0,18137000,2600435,0
2021-04-14,0050,164000,4000,1000,0,167000,241750000,18137000,88000,0,0,18225000,2389258,0
2021-04-15,0050,167000,0,0,0,167000,241125000,18225000,49000,86000,0,18188000,2392273,0
2021-04-16,0050,167000,0,0,0,167000,240875000,18188000,20000,0,0,18208000,2419615,0
2021-04-19,0050,167000,1000,7000,0,161000,240500000,18208000,0,0,0,18208000,2325413,0
2021-04-20,0050,161000,0,0,0,161000,240500000,18208000,0,0,0,18208000,2227180,0
2021-04-21,0050,161000,1000,0,0,162000,238000000,18208000,335000,50000,0,18493000,2183910,0
2021-04-22,0050,162000,1000,4000,0,159000,238000000,18493000,75000,22000,0,18546000,2087871,0
2021-04-23,0050,159000,2000,0,0,161000,245500000,18546000,1017000,0,0,19563000,2093061,0
2021-04-26,0050,161000,0,8000,0,153000,238000000,19563000,0,0,0,19563000,2121772,0
2021-04-27,0050,153000,0,0,0,153000,238000000,19563000,34000,100000,0,19497000,2132270,0
2021-04-28,0050,153000,0,0,0,153000,243750000,19497000,0,0,0,19497000,2124818,0
2021-04-29,0050,153000,4000,0,0,157000,245500000,19497000,0,0,0,19497000,2146395,0
2021-05-03,0050,157000,0,0,0,157000,244250000,19497000,249000,0,0,19746000,2150416,0
2021-05-04,0050,157000,0,5000,0,152000,244250000,19746000,197000,328000,0,19615000,2218220,0
2021-05-05,0050,152000,0,0,0,152000,300500000,19615000,1000,0,0,19616000,2204754,0
2021-05-06,0050,152000,0,2000,0,150000,289000000,19616000,217000,0,0,19833000,2231811,0
2021-05-07,0050,150000,9000,0,0,159000,289000000,19833000,0,429000,0,19404000,2233552,0
2021-05-10,0050,159000,0,0,0,159000,295625000,19404000,52000,0,0,19456000,2167635,0
2021-05-11,0050,159000,0,15000,0,144000,303500000,19456000,292000,0,0,19748000,2384307,0
2021-05-12,0050,144000,9000,57000,0,96000,295125000,19748000,2304000,299000,0,21753000,2703818,0
2021-05-13,0050,96000,42000,5000,0,133000,302000000,21753000,942000,41000,0,22654000,2901590,0
2021-05-14,0050,133000,42000,18000,0,157000,302875000,22654000,687000,412000,0,22929000,3010119,0
2021-05-17,0050,157000,20000,22000,0,155000,307500000,22929000,181000,0,0,23110000,3256884,0
2021-05-18,0050,155000,30000,14000,0,171000,307500000,23110000,119000,0,0,23229000,3348808,0
2021-05-19,0050,171000,20000,27000,0,164000,309000000,23229000,541000,0,0,23770000,3425350,0
2021-05-20,0050,164000,61000,17000,0,208000,310375000,23770000,601000,0,0,24371000,3478376,0
2021-05-21,0050,208000,3000,4000,0,207000,310375000,24371000,88000,0,0,24459000,3516184,0
2021-05-24,0050,207000,0,11000,0,196000,311625000,24459000,0,0,0,24459000,3582314,0
2021-05-25,0050,196000,10000,0,0,206000,311750000,24459000,235000,600000,0,24094000,3624121,0
2021-05-26,0050,206000,11000,6000,0,211000,311750000,24094000,31000,0,0,24125000,3618351,0
2021-05-27,0050,211000,3000,17000,0,197000,310750000,24125000,82000,0,0,24207000,3610848,0
2021-05-28,0050,197000,5000,1000,0,201000,310750000,24207000,29000,0,0,24236000,3630364,0
2021-05-31,0050,201000,7000,3000,0,205000,310750000,24236000,5000,0,0,24241000,3623127,0
2021-06-01,0050,205000,2000,0,0,207000,316250000,24241000,113000,0,0,24354000,3598022,0
2021-06-02,0050,207000,1000,1000,0,207000,316250000,24354000,0,0,0,24354000,3600222,0
2021-06-03,0050,207000,0,1000,0,206000,316250000,24354000,0,0,0,24354000,3570617,0
2021-06-04,0050,206000,0,1000,0,205000,316250000,24354000,0,0,0,24354000,3561784,0
2021-06-07,0050,205000,18000,1000,0,222000,316500000,24354000,255000,0,0,24609000,3610446,0
2021-06-08,0050,222000,2000,2000,0,222000,316500000,24609000,193000,0,0,24802000,3518511,0
2021-06-09,0050,222000,0,66000,0,156000,322000000,24802000,119000,0,0,24921000,3513898,0
2021-06-10,0050,156000,10000,1000,0,165000,320125000,24921000,64000,0,0,24985000,3552368,0
2021-06-11,0050,165000,2000,0,19000,148000,323375000,24985000,64000,0,0,25049000,3496383,0
2021-06-15,0050,148000,0,1000,0,147000,324875000,25049000,0,0,0,25049000,3464395,0
2021-06-16,0050,147000,1000,0,0,148000,329625000,25049000,20000,0,0,25069000,3399386,0
2021-06-17,0050,148000,3000,0,0,151000,329625000,25069000,128000,1075000,0,24122000,3338770,0
2021-06-18,0050,151000,4000,0,0,155000,329625000,24122000,100000,0,0,24222000,3279105,0
2021-06-21,0050,155000,2000,23000,0,134000,330125000,24222000,379000,0,0,24601000,3374211,0
2021-06-22,0050,134000,0,3000,0,131000,330125000,24601000,0,0,0,24601000,3390088,0
2021-06-23,0050,131000,9000,4000,0,136000,330125000,24601000,0,0,0,24601000,3186726,0
2021-06-24,0050,136000,2000,0,0,138000,330250000,24601000,0,0,0,24601000,2848765,0
2021-06-25,0050,138000,9000,2000,0,145000,328750000,24601000,0,0,0,24601000,2633994,0
2021-06-28,0050,145000,1000,9000,0,137000,336125000,24601000,0,0,0,24601000,2516991,0
2021-06-29,0050,137000,0,0,0,137000,343000000,24601000,50000,0,0,24651000,2283243,0
2021-06-30,0050,137000,13000,5000,0,145000,346000000,24651000,0,0,0,24651000,2214687,0
2021-07-01,0050,145000,1000,6000,0,140000,336250000,24651000,0,0,0,24651000,2089558,0
2021-07-02,0050,140000,1000,1000,0,140000,326375000,24651000,0,0,0,24651000,2040017,0
2021-07-05,0050,140000,10000,1000,0,149000,328250000,24651000,0,130000,0,24521000,2016356,0
2021-07-06,0050,149000,3000,6000,0,146000,337750000,24521000,0,0,0,24521000,1978118,0
2021-07-07,0050,146000,0,15000,0,131000,347625000,24521000,0,200000,0,24321000,1942616,0
2021-07-08,0050,131000,0,18000,0,113000,343750000,24321000,0,568000,0,23753000,1931000,0
2021-07-09,0050,113000,3000,13000,0,103000,332750000,23753000,40000,307000,0,23486000,1944185,0
2021-07-12,0050,103000,11000,75000,0,39000,332250000,23486000,0,0,0,23486000,1984006,0
2021-07-13,0050,39000,4000,3000,0,40000,342500000,23486000,0,0,0,23486000,2018011,0
2021-07-14,0050,40000,3000,20000,0,23000,350375000,23486000,11000,0,0,23497000,2056950,0
2021-07-15,0050,23000,0,21000,2000,0,337375000,23497000,37000,1336000,0,22198000,2129157,0
2021-07-16,0050,0,0,0,0,0,329250000,22198000,21000,0,0,22219000,2172852,0
2021-07-19,0050,0,0,0,0,0,329250000,22219000,31000,0,0,22250000,2248730,0
2021-07-20,0050,0,0,0,0,0,329250000,22250000,68000,0,0,22318000,2223225,0
2021-07-21,0050,0,5000,0,0,5000,344250000,22318000,6000,0,0,22324000,2325728,0
2021-07-22,0050,5000,2000,0,0,7000,353875000,22324000,25000,0,0,22349000,2325267,0
2021-07-23,0050,7000,3000,0,0,10000,344500000,22349000,14000,100000,0,22263000,2288158,0
2021-07-26,0050,10000,6000,0,0,16000,334250000,22263000,38000,0,0,22301000,2375376,0
2021-07-27,0050,16000,13000,3000,0,26000,334375000,22301000,0,0,0,22301000,2440890,0
2021-07-28,0050,26000,5000,10000,0,21000,335375000,22301000,6000,0,0,22307000,2683426,0
2021-07-29,0050,21000,40000,2000,0,59000,335375000,22307000,0,0,0,22307000,2759483,0
2021-07-30,0050,59000,11000,2000,0,68000,335375000,22307000,0,500000,0,21807000,2777388,0
2021-08-02,0050,68000,4000,6000,0,66000,335375000,21807000,0,0,0,21807000,2684362,0
2021-08-03,0050,66000,10000,10000,0,66000,336125000,21807000,0,0,0,21807000,2685817,0
2021-08-04,0050,66000,16000,0,0,82000,336125000,21807000,0,0,0,21807000,2677073,0
2021-08-05,0050,82000,3000,2000,0,83000,336125000,21807000,0,200000,0,21607000,2672586,0
2021-08-06,0050,83000,3000,20000,0,66000,336125000,21607000,0,0,0,21607000,2646668,0
2021-08-09,0050,66000,9000,1000,0,74000,336125000,21607000,0,39000,0,21568000,2657632,0
2021-08-10,0050,74000,1000,1000,0,74000,334875000,21568000,0,0,0,21568000,2593091,0
2021-08-11,0050,74000,13000,1000,0,86000,334875000,21568000,0,129000,0,21439000,2534195,0
2021-08-12,0050,86000,4000,11000,0,79000,334875000,21439000,0,0,0,21439000,2511155,0
2021-08-13,0050,79000,1000,36000,0,44000,334875000,21439000,0,0,0,21439000,2541053,0
2021-08-16,0050,44000,20000,3000,0,61000,334875000,21439000,10000,1030000,0,20419000,2573587,0
2021-08-17,0050,61000,10000,4000,0,67000,335500000,20419000,519000,325000,0,20613000,2645646,0
2021-08-18,0050,67000,11000,17000,0,61000,336375000,20613000,82000,0,0,20695000,2799512,0
2021-08-19,0050,61000,10000,11000,0,60000,337500000,20695000,105000,0,0,20800000,3039571,0
2021-08-20,0050,60000,17000,1000,0,76000,343750000,20800000,1708000,0,0,22508000,3132821,0
2021-08-23,0050,76000,46000,17000,0,105000,343000000,22508000,123000,0,0,22631000,3056321,0
2021-08-24,0050,105000,28000,6000,0,127000,340000000,22631000,0,0,0,22631000,2967107,0
2021-08-25,0050,127000,30000,5000,0,152000,340000000,22631000,0,0,0,22631000,2941380,0
2021-08-26,0050,152000,14000,41000,0,125000,340000000,22631000,0,50000,0,22581000,2890755,0
2021-08-27,0050,125000,17000,12000,0,130000,340000000,22581000,0,30000,0,22551000,2964433,0
2021-08-30,0050,130000,7000,1000,0,136000,339500000,22551000,0,379000,0,22172000,3075608,0
2021-08-31,0050,136000,15000,5000,0,146000,338500000,22172000,18000,0,0,22190000,3157217,0
2021-09-01,0050,146000,3000,1000,0,148000,337375000,22190000,0,336000,0,21854000,3212936,0
2021-09-02,0050,148000,9000,0,0,157000,330625000,21854000,0,0,0,21854000,3222684,0
2021-09-03,0050,157000,8000,2000,0,163000,330125000,21854000,0,901000,0,20953000,3305694,0
2021-09-06,0050,163000,0,2000,0,161000,330125000,20953000,0,4040000,0,16913000,3327030,0
2021-09-07,0050,161000,2000,0,0,163000,330125000,16913000,5000,0,0,16918000,3304387,0
2021-09-08,0050,163000,14000,4000,0,173000,330125000,16918000,30000,274000,0,16674000,3060941,0
2021-09-09,0050,173000,0,8000,0,165000,330125000,16674000,35000,75000,0,16634000,2983990,0
2021-09-10,0050,165000,3000,0,0,168000,330125000,16634000,0,0,0,16634000,2975241,0
2021-09-13,0050,168000,0,0,0,168000,330125000,16634000,30000,75000,0,16589000,2934966,0
2021-09-14,0050,168000,0,0,0,168000,328875000,16589000,5000,0,0,16594000,2897857,0
2021-09-15,0050,168000,2000,2000,0,168000,327875000,16594000,226000,14000,0,16806000,2962786,0
2021-09-16,0050,168000,0,4000,0,164000,304375000,16806000,0,7000,0,16799000,2986396,0
2021-09-17,0050,164000,0,0,0,164000,304375000,16799000,0,0,0,16799000,2984665,0
2021-09-22,0050,164000,0,40000,0,124000,309250000,16799000,3019000,0,0,19818000,3183648,0
2021-09-23,0050,124000,6000,0,0,130000,310750000,19818000,748000,0,0,20566000,3216035,0
2021-09-24,0050,130000,11000,0,0,141000,305750000,20566000,680000,0,0,21246000,3240339,0
2021-09-27,0050,141000,4000,0,0,145000,306125000,21246000,255000,2839000,0,18662000,3335349,0
2021-09-28,0050,145000,3000,14000,0,134000,307250000,18662000,1045000,0,0,19707000,3436150,0
2021-09-29,0050,134000,1000,49000,0,86000,308750000,19707000,1980000,224000,0,21463000,3639487,0
2021-09-30,0050,86000,7000,0,0,93000,307875000,21463000,805000,0,0,22268000,3671107,0
2021-10-01,0050,93000,1000,10000,0,84000,310000000,22268000,3771000,160000,0,25879000,3738872,0
2021-10-04,0050,84000,11000,3000,0,92000,321125000,25879000,3418000,500000,0,28797000,3700956,0
2021-10-05,0050,92000,22000,10000,0,104000,323125000,28797000,799000,175000,0,29421000,3820634,0
2021-10-06,0050,104000,31000,12000,0,123000,329250000,29421000,225000,237000,0,29409000,3987627,0
2021-10-07,0050,123000,10000,16000,0,117000,330000000,29409000,45000,500000,0,28954000,4075025,0
2021-10-08,0050,117000,21000,2000,2000,134000,328875000,28954000,0,477000,0,28477000,4084587,0
2021-10-12,0050,134000,4000,17000,0,121000,330125000,28477000,115000,0,0,28592000,4127712,0
2021-10-13,0050,121000,24000,1000,0,144000,330250000,28592000,0,2000,0,28590000,4016381,0
2021-10-14,0050,144000,3000,17000,0,130000,330250000,28590000,0,100000,0,28490000,3831056,0
2021-10-15,0050,130000,34000,9000,0,155000,331250000,28490000,258000,7565000,0,21183000,3802296,0
2021-10-18,0050,155000,8000,5000,0,158000,331250000,21183000,0,21000,0,21162000,3668366,0
2021-10-19,0050,158000,9000,16000,0,151000,329250000,21162000,10000,0,0,21172000,3682846,0
2021-10-20,0050,151000,45000,1000,0,195000,329750000,21172000,130000,0,0,21302000,3714150,0
2021-10-21,0050,195000,12000,4000,0,203000,328250000,21302000,10000,0,0,21312000,3704241,0
2021-10-22,0050,203000,35000,16000,0,222000,327000000,21312000,135000,1511000,0,19936000,3673319,0
2021-10-25,0050,222000,4000,16000,0,210000,326250000,19936000,20000,560000,0,19396000,3676149,0
2021-10-26,0050,210000,5000,14000,0,201000,326250000,19396000,0,0,0,19396000,3752184,0
2021-10-27,0050,201000,0,1000,0,200000,325875000,19396000,0,0,0,19396000,3795810,0
2021-10-28,0050,200000,0,1000,0,199000,325125000,19396000,6000,703000,0,18699000,3808299,0
2021-10-29,0050,199000,2000,25000,0,176000,325375000,18699000,78000,0,0,18777000,3834622,0
2021-11-01,0050,176000,6000,2000,0,180000,325375000,18777000,0,0,0,18777000,3744689,0
2021-11-02,0050,180000,2000,1000,0,181000,324625000,18777000,0,20000,0,18757000,3704211,0
2021-11-03,0050,181000,1000,0,0,182000,323625000,18757000,25000,0,0,18782000,3689622,0
2021-11-04,0050,182000,7000,1000,0,188000,323625000,18782000,11000,50000,0,18743000,3465399,0
2021-11-05,0050,188000,5000,46000,0,147000,323625000,18743000,11000,15000,0,18739000,3522798,0
2021-11-08,0050,147000,7000,5000,0,149000,322625000,18739000,0,253000,0,18486000,3537036,0
2021-11-09,0050,149000,11000,1000,1000,158000,322625000,18486000,0,78000,0,18408000,3546861,0
2021-11-10,0050,158000,8000,1000,0,165000,316375000,18408000,0,136000,0,18272000,3423846,0
2021-11-11,0050,165000,3000,4000,0,164000,315625000,18272000,0,76000,0,18196000,3155159,0
2021-11-12,0050,164000,3000,6000,0,161000,316750000,18196000,42000,2768000,0,15470000,3044829,0
2021-11-15,0050,161000,5000,1000,0,165000,312125000,15470000,16000,0,0,15486000,2823246,0
2021-11-16,0050,165000,2000,19000,0,148000,313625000,15486000,187000,0,0,15673000,2640385,0
2021-11-17,0050,148000,0,19000,0,129000,312125000,15673000,304000,0,0,15977000,2632120,0
2021-11-18,0050,129000,1000,2000,0,128000,312125000,15977000,2000,0,0,15979000,2466689,0
2021-11-19,0050,128000,1000,1000,0,128000,311375000,15979000,80000,2397000,0,13662000,2390962,0
2021-11-22,0050,128000,1000,1000,0,128000,311375000,13662000,0,200000,0,13462000,2349766,0
2021-11-23,0050,128000,3000,1000,0,130000,310750000,13462000,0,0,0,13462000,2280896,0
2021-11-24,0050,130000,1000,1000,0,130000,311000000,13462000,0,0,0,13462000,2255724,0
2021-11-25,0050,130000,2000,1000,0,131000,311000000,13462000,0,0,0,13462000,2247434,0
2021-11-26,0050,131000,5000,4000,0,132000,311000000,13462000,586000,0,0,14048000,2236091,0
2021-11-29,0050,132000,4000,7000,0,129000,311000000,14048000,694000,0,0,14742000,2296932,0
2021-11-30,0050,129000,5000,26000,0,108000,311000000,14742000,440000,344000,0,14838000,2315664,0
2021-12-01,0050,108000,0,2000,0,106000,311000000,14838000,44000,0,0,14882000,2212213,0
2021-12-02,0050,106000,11000,3000,0,114000,311000000,14882000,70000,0,0,14952000,2170620,0
2021-12-03,0050,114000,0,0,0,114000,312250000,14952000,247000,0,0,15199000,2166873,0
2021-12-06,0050,114000,0,1000,0,113000,312250000,15199000,0,0,0,15199000,2132259,0
2021-12-07,0050,113000,1000,1000,0,113000,312250000,15199000,0,0,0,15199000,2055862,0
2021-12-08,0050,113000,5000,5000,0,113000,312250000,15199000,0,0,0,15199000,2092417,0
2021-12-09,0050,113000,15000,0,0,128000,312250000,15199000,0,0,0,15199000,2093192,0
2021-12-10,0050,128000,1000,0,0,129000,315000000,15199000,0,2007000,0,13192000,2076100,0
2021-12-13,0050,129000,0,2000,0,127000,315000000,13192000,31000,0,0,13223000,2092275,0
2021-12-14,0050,127000,0,10000,0,117000,315000000,13223000,49000,0,0,13272000,2101006,0
2021-12-15,0050,117000,2000,14000,0,105000,315000000,13272000,0,0,0,13272000,2178186,0
2021-12-16,0050,105000,4000,3000,0,106000,310500000,13272000,68000,0,0,13340000,2209200,0
2021-12-17,0050,106000,2000,1000,0,107000,310500000,13340000,351000,500000,0,13191000,2142443,0
2021-12-20,0050,107000,0,7000,0,100000,309250000,13191000,0,0,0,13191000,2111055,0
2021-12-21,0050,100000,1000,0,0,101000,309250000,13191000,0,796000,0,12395000,2049622,0
2021-12-22,0050,101000,5000,0,0,106000,309250000,12395000,6000,0,0,12401000,2035137,0
2021-12-23,0050,106000,15000,2000,0,119000,309250000,12401000,0,500000,0,11901000,2130302,0
2021-12-24,0050,119000,7000,2000,0,124000,308250000,11901000,93000,0,0,11994000,2199516,0
2021-12-27,0050,124000,7000,2000,0,129000,306750000,11994000,0,0,0,11994000,2200095,0
2021-12-28,0050,129000,2000,4000,0,127000,305875000,11994000,152000,0,0,12146000,2368843,0
2021-12-29,0050,127000,8000,4000,0,131000,303750000,12146000,107000,63000,0,12190000,2320494,0
2021-12-30,0050,131000,5000,0,0,136000,302250000,12190000,842000,0,0,13032000,2322279,0
2022-01-03,0050,136000,2000,9000,0,129000,302250000,13032000,22000,1200000,0,11854000,2330389,0
2022-01-04,0050,129000,6000,3000,0,132000,300000000,11854000,90000,0,0,11944000,2392932,0
2022-01-05,0050,132000,8000,5000,0,135000,297500000,11944000,252000,0,0,12196000,2463222,0
2022-01-06,0050,135000,4000,3000,0,136000,297500000,12196000,33000,0,0,12229000,2521826,0
2022-01-07,0050,136000,5000,3000,0,138000,297500000,12229000,178000,0,0,12407000,2570055,0
2022-01-10,0050,138000,5000,5000,0,138000,295875000,12407000,900000,30000,0,13277000,2603910,0
2022-01-11,0050,138000,2000,9000,0,131000,292875000,13277000,1508000,0,0,14785000,2668402,0
2022-01-12,0050,131000,2000,7000,0,126000,293000000,14785000,597000,61000,0,15321000,2666270,0
2022-01-13,0050,126000,2000,17000,0,111000,293000000,15321000,89000,50000,0,15360000,2699781,0
2022-01-14,0050,111000,1000,35000,0,77000,291500000,15360000,1029000,60000,0,16329000,2712449,0
2022-01-17,0050,77000,0,77000,0,0,288500000,16329000,321000,19000,0,16631000,2735007,0
2022-01-18,0050,0,0,0,0,0,287500000,16631000,1538000,18000,0,18151000,2842517,0
2022-01-19,0050,0,0,0,0,0,286875000,18151000,1127000,0,0,19278000,2964650,0
2022-01-20,0050,0,0,0,0,0,287500000,19278000,100000,0,0,19378000,3021268,0
2022-01-21,0050,0,7000,0,0,7000,293500000,19378000,2884000,0,0,22262000,3299274,0
2022-01-24,0050,7000,43000,2000,0,48000,293750000,22262000,280000,0,0,22542000,3402580,0
2022-01-25,0050,48000,7000,22000,0,33000,295875000,22542000,2960000,0,0,25502000,3611443,0
2022-01-26,0050,33000,11000,5000,0,39000,300250000,25502000,2641000,0,0,28143000,3746760,0
2022-02-07,0050,39000,3000,0,0,42000,307750000,28143000,1363000,0,0,29506000,3898709,0
2022-02-08,0050,42000,39000,17000,0,64000,315375000,29506000,739000,0,0,30245000,3956290,0
2022-02-09,0050,64000,28000,6000,0,86000,318250000,30245000,32000,1000000,0,29277000,3991197,0
2022-02-10,0050,86000,30000,2000,0,114000,318500000,29277000,0,4603000,0,24674000,4008623,0
2022-02-11,0050,114000,14000,6000,0,122000,318500000,24674000,29000,0,0,24703000,3987017,0
2022-02-14,0050,122000,10000,22000,0,110000,321250000,24703000,16000,700000,0,24019000,4074625,0
2022-02-15,0050,110000,14000,21000,0,103000,322750000,24019000,112000,8000,0,24123000,4014851,0
2022-02-16,0050,103000,13000,3000,0,113000,322750000,24123000,4000,0,0,24127000,3955834,0
2022-02-17,0050,113000,17000,0,0,130000,322875000,24127000,19000,0,0,24146000,3939064,0
2022-02-18,0050,130000,4000,34000,0,100000,322875000,24146000,7000,0,0,24153000,3750868,0
2022-02-21,0050,100000,10000,4000,0,106000,322875000,24153000,26000,0,0,24179000,3570870,0
2022-02-22,0050,106000,8000,18000,0,96000,324125000,24179000,0,3679000,0,20500000,3714806,0
2022-02-23,0050,96000,24000,2000,0,118000,326125000,20500000,0,0,0,20500000,3692195,0
2022-02-24,0050,118000,66000,12000,0,172000,330000000,20500000,3722000,0,0,24222000,3918226,0
2022-02-25,0050,172000,27000,33000,0,166000,335500000,24222000,3241000,74000,0,27389000,4048236,0
2022-03-01,0050,166000,18000,11000,0,173000,338625000,27389000,979000,0,0,28368000,4044330,0
2022-03-02,0050,173000,8000,0,0,181000,338875000,28368000,40000,0,0,28408000,4037759,0
2022-03-03,0050,181000,3000,1000,0,183000,338875000,28408000,3000,220000,0,28191000,3925392,0
2022-03-04,0050,183000,28000,9000,0,202000,342250000,28191000,380000,0,0,28571000,3888384,0
2022-03-07,0050,202000,89000,9000,0,282000,353000000,28571000,1382000,0,0,29953000,4359441,0
2022-03-08,0050,282000,78000,72000,0,288000,374125000,29953000,708000,0,0,30661000,4745107,0
2022-03-09,0050,288000,49000,5000,0,332000,393625000,30661000,169000,8000,0,30822000,4867670,0
2022-03-10,0050,332000,91000,63000,0,360000,400125000,30822000,0,0,0,30822000,4947419,0
2022-03-11,0050,360000,75000,113000,0,322000,405250000,30822000,29000,5630000,0,25221000,4917365,0
2022-03-14,0050,322000,37000,21000,0,338000,407500000,25221000,192000,0,0,25413000,4855490,0
2022-03-15,0050,338000,52000,46000,0,344000,395875000,25413000,189000,0,0,25602000,4951607,0
2022-03-16,0050,344000,13000,8000,0,349000,399375000,25602000,640000,0,0,26242000,4830494,0
2022-03-17,0050,349000,125000,12000,0,462000,388750000,26242000,405000,58000,0,26589000,4837420,0
2022-03-18,0050,462000,90000,13000,0,539000,389250000,26589000,548000,186000,0,26951000,4710713,0
2022-03-21,0050,539000,31000,3000,0,567000,389000000,26951000,657000,0,0,27608000,4605833,0
2022-03-22,0050,567000,12000,10000,0,569000,390875000,27608000,13000,1954000,0,25667000,4415218,0
2022-03-23,0050,569000,24000,52000,0,541000,390875000,25667000,0,40000,0,25627000,4406323,0
2022-03-24,0050,541000,50000,32000,0,559000,390750000,25627000,0,500000,0,25127000,4366414,0
2022-03-25,0050,559000,12000,6000,0,565000,390625000,25127000,90000,810000,0,24407000,4353907,0
2022-03-28,0050,565000,3000,37000,0,531000,392250000,24407000,0,0,0,24407000,4420293,0
2022-03-29,0050,531000,22000,1000,0,552000,392250000,24407000,0,20000,0,24387000,4357661,0
2022-03-30,0050,552000,56000,95000,0,513000,392250000,24387000,2000,435000,0,23954000,4361250,0
2022-03-31,0050,513000,11000,5000,0,519000,392250000,23954000,14000,0,0,23968000,4329674,0
2022-04-01,0050,519000,3000,24000,0,498000,392250000,23968000,253000,1570000,0,22651000,4360261,0
2022-04-06,0050,498000,60000,25000,0,533000,395000000,22651000,109000,20000,0,22740000,4442237,0
2022-04-07,0050,533000,38000,72000,0,499000,395125000,22740000,778000,0,0,23518000,4560966,0
2022-04-08,0050,499000,21000,31000,0,489000,395750000,23518000,190000,0,0,23708000,4447625,0
2022-04-11,0050,489000,15000,14000,0,490000,394125000,23708000,896000,0,0,24604000,4584097,0
2022-04-12,0050,490000,15000,9000,0,496000,398625000,24604000,1528000,0,0,26132000,4410511,0
2022-04-13,0050,496000,45000,10000,0,531000,399375000,26132000,150000,0,0,26282000,4235656,0
2022-04-14,0050,531000,25000,21000,0,535000,400125000,26282000,417000,0,0,26699000,4201062,0
2022-04-15,0050,535000,20000,172000,0,383000,400875000,26699000,4310000,1000000,0,30009000,4356624,0
2022-04-18,0050,383000,27000,26000,0,384000,404250000,30009000,4566000,20000,0,34555000,4504153,0
2022-04-19,0050,384000,42000,16000,0,410000,407250000,34555000,21000,0,0,34576000,4455654,0
2022-04-20,0050,410000,17000,9000,0,418000,409875000,34576000,39000,0,0,34615000,3952379,0
2022-04-21,0050,418000,10000,21000,0,407000,409875000,34615000,0,6696000,0,27919000,3532176,0
2022-04-22,0050,407000,43000,36000,0,414000,411750000,27919000,245000,0,0,28164000,3429595,0
2022-04-25,0050,414000,74000,13000,0,475000,414875000,28164000,2106000,0,0,30270000,3628404,0
2022-04-26,0050,475000,45000,55000,0,465000,416250000,30270000,1173000,0,0,31443000,3613952,0
2022-04-27,0050,465000,9000,26000,0,448000,422000000,31443000,2485000,0,0,33928000,3834557,0
2022-04-28,0050,448000,24000,9000,0,463000,422250000,33928000,258000,0,0,34186000,3693106,0
2022-04-29,0050,463000,47000,16000,0,494000,423625000,34186000,20000,0,0,34206000,3612175,0
