date,stock_id,MarginPurchaseBuy,MarginPurchaseCashRepayment,MarginPurchaseLimit,MarginPurchaseSell,MarginPurchaseTodayBalance,MarginPurchaseYesterdayBalance,Note,OffsetLoanAndShort,ShortSaleBuy,ShortSaleCashRepayment,ShortSaleLimit,ShortSaleSell,ShortSaleTodayBalance,ShortSaleYesterdayBalance
2019-01-02,2618,580,10,1095530,478,22145,22053, ,0,338,0,1095530,144,12710,12904
2019-01-03,2618,292,0,1095530,555,21882,22145, ,5,686,63,1095530,143,12104,12710
2019-01-04,2618,260,1,1095530,505,21636,21882, ,8,260,202,1095530,226,11868,12104
2019-01-07,2618,198,0,1095530,250,21584,21636, ,0,0,191,1095530,27,11704,11868
2019-01-08,2618,232,1,1095530,163,21652,21584, ,0,0,146,1095530,655,12213,11704
2019-01-09,2618,737,3,1095530,320,22066,21652, ,8,101,90,1095530,585,12607,12213
2019-01-10,2618,222,3,1095530,398,21887,22066, ,0,250,100,1095530,55,12312,12607
2019-01-11,2618,707,1,1095530,1146,21447,21887, ,0,928,0,1095530,190,11574,12312
2019-01-14,2618,1554,0,1096771,135,22866,21447, ,1,1039,254,1096771,940,11221,11574
2019-01-15,2618,234,0,1096771,151,22949,22866, ,1,281,1446,1096771,1010,10504,11221
2019-01-16,2618,454,0,1096771,372,23031,22949, ,2,529,1055,1096771,622,9542,10504
2019-01-17,2618,323,1,1096771,301,23052,23031, ,0,147,281,1096771,323,9437,9542
2019-01-18,2618,608,0,1096771,28,23632,23052, ,1,74,303,1096771,454,9514,9437
2019-01-21,2618,3052,6,1096771,241,26437,23632, ,21,896,24,1096771,7115,15709,9514
2019-01-22,2618,1825,0,1096771,397,27865,26437, ,17,377,199,1096771,1574,16707,15709
2019-01-23,2618,1993,30,1096771,353,29475,27865, ,1,265,21,1096771,2572,18993,16707
2019-01-24,2618,428,0,1096771,200,29703,29475, ,1,127,10,1096771,823,19679,18993
2019-01-25,2618,164,0,1096771,757,29110,29703, ,0,68,243,1096771,514,19882,19679
2019-01-28,2618,1306,31,1171771,296,30089,29110, ,0,38,444,1171771,725,20125,19882
2019-01-29,2618,3026,5,1171771,642,32468,30089, ,9,13677,2639,1171771,23,3832,20125
2019-01-30,2618,938,4,1171771,211,33191,32468, ,7,614,96,1171771,1,3123,3832
2019-02-11,2618,2221,13,1171771,1692,32657,32141, ,18,78,56,1171771,219,3087,3002
2019-02-12,2618,1037,5,1171771,459,34269,33696, ,22,223,17,1171771,1,2851,3090
2019-02-13,2618,481,0,1171771,556,34194,34269, ,5,30,103,1171771,40,2758,2851
2019-02-14,2618,1073,0,1171771,427,34840,34194, ,0,110,12,1171771,20,2656,2758
2019-02-15,2618,125,0,1171771,574,34391,34840, ,5,41,0,1171771,40,2655,2656
2019-02-18,2618,171,0,1171771,847,33715,34391, ,2,28,0,1171771,0,2627,2655
2019-02-19,2618,138,0,1171771,865,32988,33715, ,10,11,0,1171771,27,2643,2627
2019-02-20,2618,309,8,1171771,921,32368,32988, ,0,1,0,1171771,18,2660,2643
2019-02-21,2618,280,0,1171771,316,32332,32368, ,0,26,188,1171771,30,2476,2660
2019-02-22,2618,235,1,1171771,322,32244,32332, ,0,4,98,1171771,3,2377,2476
2019-02-25,2618,137,5,1171771,932,31444,32244, ,0,11,0,1171771,53,2419,2377
2019-02-26,2618,774,0,1171771,2018,30200,31444, ,2,39,2,1171771,5,2383,2419
2019-02-27,2618,1500,9,1171771,2710,28981,30200, ,6,87,1,1171771,473,2768,2383
2019-03-04,2618,855,0,1171771,971,28865,28981, ,10,72,10,1171771,232,2918,2768
2019-03-05,2618,276,4,1171771,621,28516,28865, ,2,176,0,1171771,17,2759,2918
2019-03-06,2618,604,0,1171771,126,28994,28516, ,0,365,0,1171771,2,2396,2759
2019-03-07,2618,142,0,1171771,603,28533,28994, ,0,13,0,1171771,23,2406,2396
2019-03-08,2618,506,0,1171771,477,28562,28533, ,0,7,1,1171771,4,2402,2406
2019-03-11,2618,357,0,1171771,998,27921,28562, ,0,109,0,1171771,0,2293,2402
2019-03-12,2618,623,209,1171771,342,27993,27921, ,0,4,0,1171771,35,2324,2293
2019-03-13,2618,348,0,1171771,327,28014,27993, ,2,40,0,1171771,5,2289,2324
2019-03-14,2618,281,0,1171771,686,27609,28014, ,0,275,0,1171771,12,2026,2289
2019-03-15,2618,55,0,1171771,315,27349,27609, ,0,5,2,1171771,61,2080,2026
2019-03-18,2618,118,0,1171771,85,27382,27349, ,0,1,0,1171771,65,2144,2080
2019-03-19,2618,300,1,1171771,132,27549,27382, ,0,14,0,1171771,2,2132,2144
2019-03-20,2618,552,0,1171771,191,27910,27549, ,0,80,34,1171771,41,2059,2132
2019-03-21,2618,263,0,1171771,807,27366,27910, ,0,737,0,1171771,11,1333,2059
2019-03-22,2618,209,0,1171771,1421,26154,27366, ,0,166,34,1171771,0,1133,1333
2019-03-25,2618,123,0,1171771,558,25719,26154, ,10,186,0,1171771,41,988,1133
2019-03-26,2618,134,25,1171771,58,25770,25719, ,0,164,0,1171771,3,827,988
2019-03-27,2618,617,0,1171771,158,26229,25770, ,0,109,0,1171771,0,718,827
2019-03-28,2618,644,0,1171771,90,26783,26229, ,2,13,0,1171771,2,707,718
2019-03-29,2618,294,10,1171771,1470,25597,26783, ,2,100,0,1171771,0,607,707
2019-04-01,2618,470,0,1171771,463,25604,25597, ,0,17,0,1171771,0,590,607
2019-04-02,2618,114,0,1171771,517,25201,25604, ,0,7,0,1171771,0,583,590
2019-04-03,2618,548,0,1171771,1053,24696,25201, ,0,2,0,1171771,0,581,583
2019-04-08,2618,1235,0,1171771,818,25113,24696, ,0,2,6,1171771,12,585,581
2019-04-09,2618,327,25,1171771,640,24775,25113, ,0,4,0,1171771,0,581,585
2019-04-10,2618,60,0,1171771,605,24230,24775, ,0,0,0,1171771,61,642,581
2019-04-11,2618,1134,10,1171771,363,24991,24230, ,0,1,0,1171771,0,641,642
2019-04-12,2618,2737,0,1171823,574,27154,24991, ,0,50,0,1171823,334,925,641
2019-04-15,2618,3542,0,1171823,2316,28380,27154, ,217,20,0,1171823,3430,4335,925
2019-04-16,2618,629,0,1171823,2595,26414,28380, ,0,356,2,1171823,89,4066,4335
2019-04-17,2618,765,0,1171823,447,26732,26414,X ,0,1104,1522,1171823,1,1441,4066
2019-04-18,2618,742,0,1171823,1053,26421,26732,X ,0,242,1153,1171823,0,46,1441
2019-04-19,2618,244,10,1171823,75,26580,26421,X ,0,0,46,1171823,0,0,46
2019-04-22,2618,559,0,1171823,226,26913,26580,X ,0,0,0,1171823,0,0,0
2019-04-23,2618,295,0,1171823,1215,25993,26913, ,0,0,0,1171823,0,0,0
2019-04-24,2618,314,0,1171823,543,25764,25993, ,3,0,0,1171823,0,0,0
2019-04-25,2618,357,0,1171823,152,25969,25764, ,5,0,0,1171823,23,23,0
2019-04-26,2618,159,0,1171823,126,26002,25969, ,0,0,0,1171823,52,75,23
2019-04-29,2618,626,16,1171823,1525,25087,26002, ,0,2,0,1171823,29,102,75
2019-04-30,2618,371,2,1171823,467,24989,25087, ,2,0,0,1171823,0,102,102
2019-05-02,2618,2482,0,1171823,1035,26436,24989, ,0,26,0,1171823,145,221,102
2019-05-03,2618,1853,0,1171823,34,28255,26436, ,0,1,0,1171823,21,241,221
2019-05-06,2618,1799,5,1171823,611,29438,28255, ,0,90,5,1171823,13,159,241
2019-05-07,2618,1021,0,1171823,165,30294,29438, ,0,75,0,1171823,32,116,159
2019-05-08,2618,2427,0,1171823,166,32555,30294, ,0,56,0,1171823,2,62,116
2019-05-09,2618,1705,25,1171823,1552,32683,32555, ,0,3,0,1171823,58,117,62
2019-05-10,2618,1527,0,1171823,480,33730,32683, ,0,20,0,1171823,10,107,117
2019-05-13,2618,1195,0,1171823,290,34635,33730, ,0,0,0,1171823,4,111,107
2019-05-14,2618,1069,0,1178237,1466,34238,34635, ,1,1,0,1178237,1,111,111
2019-05-15,2618,497,8,1178237,290,34437,34238, ,0,30,0,1178237,9,90,111
2019-05-16,2618,820,0,1178237,87,35170,34437, ,0,2,0,1178237,9,97,90
2019-05-17,2618,75,0,1178237,555,34690,35170, ,0,8,0,1178237,3,92,97
2019-05-20,2618,323,0,1178237,758,34255,34690, ,0,2,0,1178237,4,94,92
2019-05-21,2618,144,0,1178237,153,34246,34255, ,2,10,0,1178237,56,140,94
2019-05-22,2618,371,0,1178237,87,34530,34246, ,2,5,0,1178237,0,135,140
2019-05-23,2618,60,0,1178237,47,34543,34530, ,2,20,0,1178237,7,122,135
2019-05-24,2618,142,0,1178237,1793,32892,34543, ,0,15,0,1178237,26,133,122
2019-05-27,2618,61,0,1178237,1280,31673,32892, ,0,3,0,1178237,11,141,133
2019-05-28,2618,33,0,1178237,296,31410,31673, ,0,20,0,1178237,0,121,141
2019-05-29,2618,767,0,1178237,129,32048,31410, ,0,6,0,1178237,40,155,121
2019-05-30,2618,59,0,1178237,802,31305,32048, ,0,0,0,1178237,1,156,155
2019-05-31,2618,215,0,1178237,46,31474,31305, ,0,4,0,1178237,6,158,156
2019-06-03,2618,1691,0,1178237,1585,31580,31474, ,0,40,0,1178237,114,232,158
2019-06-04,2618,718,0,1178237,3238,29060,31580, ,0,0,0,1178237,60,292,232
2019-06-05,2618,253,0,1178237,410,28903,29060, ,0,5,0,1178237,121,408,292
2019-06-06,2618,586,321,1178237,301,28867,28903, ,0,2,0,1178237,543,949,408
2019-06-10,2618,539,40,1178237,1189,28177,28867, ,0,190,0,1178237,32,791,949
2019-06-11,2618,31,0,1178237,259,27949,28177, ,0,0,0,1178237,15,806,791
2019-06-12,2618,588,0,1178237,414,28123,27949, ,0,10,0,1178237,117,913,806
2019-06-13,2618,85,1,1178237,184,28023,28123, ,1,10,0,1178237,96,999,913
2019-06-14,2618,406,0,1178237,468,27961,28023, ,0,17,0,1178237,9,991,999
2019-06-17,2618,25,0,1178237,124,27862,27961, ,0,17,0,1178237,14,988,991
2019-06-18,2618,207,0,1178237,31,28038,27862, ,0,0,0,1178237,77,1065,988
2019-06-19,2618,522,0,1178237,186,28374,28038, ,0,12,0,1178237,43,1096,1065
2019-06-20,2618,2012,0,1178237,1352,29034,28374, ,1,8,0,1178237,764,1852,1096
2019-06-21,2618,3003,0,1178237,696,31341,29034, ,50,630,4,1178237,517,1735,1852
2019-06-24,2618,4394,4,1178237,829,34902,31341, ,16,757,0,1178237,640,1618,1735
2019-06-25,2618,2066,0,1178237,2335,34633,34902, ,22,397,0,1178237,92,1313,1618
2019-06-26,2618,612,0,1178237,3266,31979,34633, ,2,96,0,1178237,23,1240,1313
2019-06-27,2618,1140,1,1178237,505,32613,31979, ,0,179,0,1178237,12,1073,1240
2019-06-28,2618,517,10,1178237,581,32539,32613, ,2,49,0,1178237,36,1060,1073
2019-07-01,2618,984,25,1178237,551,32947,32539, ,1,102,0,1178237,86,1044,1060
2019-07-02,2618,408,9,1178237,426,32920,32947, ,0,53,0,1178237,43,1034,1044
2019-07-03,2618,1310,20,1178237,433,33777,32920, ,0,86,0,1178237,5,953,1034
2019-07-04,2618,584,0,1178237,70,34291,33777, ,4,38,0,1178237,23,938,953
2019-07-05,2618,220,0,1178237,193,34318,34291, ,0,11,0,1178237,51,978,938
2019-07-08,2618,1114,0,1178237,2023,33409,34318, ,0,128,0,1178237,19,869,978
2019-07-09,2618,124,12,1178237,303,33218,33409, ,2,69,0,1178237,5,805,869
2019-07-10,2618,343,10,1178237,939,32612,33218, ,1,15,0,1178237,1,791,805
2019-07-11,2618,374,1,1178237,710,32275,32612, ,0,17,0,1178237,0,774,791
2019-07-12,2618,304,0,1178237,822,31757,32275, ,0,13,0,1178237,0,761,774
2019-07-15,2618,163,0,1178237,545,31375,31757, ,0,3,0,1178237,5,763,761
2019-07-16,2618,711,20,1178237,431,31635,31375, ,2,72,0,1178237,0,691,763
2019-07-17,2618,351,7,1178237,364,31615,31635, ,0,14,0,1178237,46,723,691
2019-07-18,2618,227,8,1178237,476,31358,31615, ,0,14,0,1178237,43,752,723
2019-07-19,2618,191,2,1178237,194,31353,31358, ,5,65,2,1178237,13,698,752
2019-07-22,2618,264,0,1178237,146,31471,31353, ,2,42,86,1178237,0,570,698
2019-07-23,2618,439,0,1178237,174,31736,31471, ,0,72,0,1178237,23,521,570
2019-07-24,2618,146,0,1178237,213,31669,31736, ,0,42,0,1178237,1,480,521
2019-07-25,2618,474,0,1178237,285,31858,31669, ,0,10,0,1178237,13,483,480
2019-07-26,2618,372,2,1178237,482,31746,31858, ,0,3,0,1178237,79,559,483
2019-07-29,2618,136,72,1178237,648,31162,31746, ,0,34,2,1178237,1,524,559
2019-07-30,2618,88,0,1178237,624,30626,31162, ,0,3,0,1178237,0,521,524
2019-07-31,2618,167,18,1178237,86,30689,30626, ,0,13,0,1178237,1,509,521
2019-08-01,2618,665,50,1178237,633,30671,30689, ,0,8,0,1178237,147,648,509
2019-08-02,2618,398,9,1178237,2224,28836,30671, ,2,145,2,1178237,58,559,648
2019-08-05,2618,450,10,1178237,361,28915,28836, ,1,7,0,1178237,77,629,559
2019-08-06,2618,410,1,1178237,302,29022,28915, ,1,54,1,1178237,49,623,629
2019-08-07,2618,649,5,1178237,152,29514,29022, ,0,2,0,1178237,34,655,623
2019-08-08,2618,907,25,1178237,142,30254,29514, ,5,4,0,1178237,15,666,655
2019-08-12,2618,1330,103,1178237,917,30564,30254, ,1,41,72,1178237,6,559,666
2019-08-13,2618,954,12,1178237,575,30931,30564, ,0,17,1,1178237,49,590,559
2019-08-14,2618,130,0,1178237,330,30731,30931, ,0,0,150,1178237,56,496,590
2019-08-15,2618,105,10,1178237,267,30559,30731, ,0,20,0,1178237,0,476,496
2019-08-16,2618,235,33,1178237,1422,29339,30559, ,0,17,0,1178237,2,461,476
2019-08-19,2618,323,10,1178237,163,29489,29339, ,0,21,0,1178237,23,463,461
2019-08-20,2618,38,0,1178237,286,29241,29489, ,0,1,0,1178237,11,473,463
2019-08-21,2618,56,0,1178237,436,28861,29241, ,0,13,0,1178237,18,478,473
2019-08-22,2618,167,0,1178237,626,28402,28861, ,0,60,0,1178237,1,419,478
2019-08-23,2618,121,0,1178237,833,27690,28402, ,0,2,44,1178237,0,373,419
2019-08-26,2618,170,0,1178237,2837,25023,27690, ,1,89,0,1178237,3,287,373
2019-08-27,2618,1103,163,1178237,1123,24840,25023, ,0,98,73,1178237,0,116,287
2019-08-28,2618,121,0,1178237,1195,23766,24840, ,0,46,0,1178237,1,71,116
2019-08-29,2618,110,0,1178237,691,23185,23766,X ,0,6,0,1178237,1,66,71
2019-08-30,2618,111,5,1178237,998,22293,23185,X ,0,65,0,1178237,0,1,66
2019-09-02,2618,477,13,1178237,350,22407,22293,X ,0,0,1,1178237,0,0,1
2019-09-03,2618,381,0,1178237,613,22175,22407,X ,0,0,0,1178237,0,0,0
2019-09-04,2618,918,0,1178237,1444,21649,22175, ,0,0,0,1178237,0,0,0
2019-09-05,2618,631,16,1178237,1006,21258,21649, ,148,0,0,1178237,943,943,0
2019-09-06,2618,244,0,1178237,476,21026,21258, ,44,1,0,1178237,118,1060,943
2019-09-09,2618,141,1,1178237,364,20802,21026, ,1,154,0,1178237,12,918,1060
2019-09-10,2618,14,23,1178237,232,20561,20802, ,0,5,0,1178237,57,970,918
2019-09-11,2618,511,0,1178237,256,20816,20561, ,2,21,0,1178237,73,1022,970
2019-09-12,2618,118,0,1178237,185,20749,20816, ,0,15,0,1178237,64,1071,1022
2019-09-16,2618,10,0,1178237,447,20312,20749, ,1,180,28,1178237,150,1013,1071
2019-09-17,2618,288,60,1178237,250,20290,20312, ,0,134,0,1178237,105,984,1013
2019-09-18,2618,42,0,1178237,6,20326,20290, ,0,62,0,1178237,40,962,984
2019-09-19,2618,35,10,1178237,79,20272,20326, ,0,25,0,1178237,69,1006,962
2019-09-20,2618,7,30,1178237,131,20118,20272, ,0,108,158,1178237,2,742,1006
2019-09-23,2618,8,0,1178237,14,20112,20118, ,0,0,0,1178237,6,748,742
2019-09-24,2618,212,0,1178237,161,20163,20112, ,0,0,0,1178237,0,748,748
2019-09-25,2618,118,0,1178237,832,19449,20163, ,0,23,0,1178237,6,731,748
2019-09-26,2618,58,0,1178237,225,19282,19449, ,0,24,0,1178237,0,707,731
2019-09-27,2618,94,0,1178237,277,19099,19282, ,0,12,0,1178237,12,707,707
2019-10-01,2618,20,0,1178237,260,18859,19099, ,1,13,0,1178237,20,714,707
2019-10-02,2618,86,0,1178237,20,18925,18859, ,0,0,0,1178237,2,716,714
2019-10-03,2618,195,3,1178237,141,18976,18925, ,0,2,0,1178237,32,746,716
2019-10-04,2618,53,10,1213392,113,18906,18976, ,0,26,0,1213392,1,721,746
2019-10-07,2618,292,0,1213392,455,18743,18906, ,0,11,4,1213392,151,857,721
2019-10-08,2618,225,9,1213392,117,18842,18743, ,0,151,0,1213392,64,770,857
2019-10-09,2618,301,31,1213392,131,18981,18842, ,0,22,0,1213392,0,748,770
2019-10-14,2618,13,0,1213392,522,18472,18981, ,0,11,0,1213392,25,762,748
2019-10-15,2618,14,2,1213392,382,18102,18472, ,0,0,0,1213392,10,772,762
2019-10-16,2618,427,0,1213392,464,18065,18102, ,0,0,0,1213392,91,863,772
2019-10-17,2618,260,0,1213392,462,17863,18065, ,0,11,0,1213392,204,1056,863
2019-10-18,2618,525,2,1213392,243,18143,17863, ,0,46,59,1213392,322,1273,1056
2019-10-21,2618,836,0,1213392,191,18788,18143, ,0,10,0,1213392,416,1679,1273
2019-10-22,2618,200,0,1213392,169,18819,18788, ,0,132,0,1213392,163,1710,1679
2019-10-23,2618,198,0,1213392,431,18586,18819, ,0,10,1,1213392,35,1734,1710
2019-10-24,2618,179,0,1213392,356,18409,18586, ,0,0,0,1213392,183,1917,1734
2019-10-25,2618,133,20,1213392,55,18467,18409, ,1,127,0,1213392,0,1790,1917
2019-10-28,2618,19,0,1213392,15,18471,18467, ,0,232,0,1213392,25,1583,1790
2019-10-29,2618,23,0,1213392,165,18329,18471, ,0,1,0,1213392,72,1654,1583
2019-10-30,2618,159,10,1213392,177,18301,18329, ,0,0,0,1213392,108,1762,1654
2019-10-31,2618,264,0,1213392,48,18517,18301, ,0,1,0,1213392,7,1768,1762
2019-11-01,2618,147,0,1213392,218,18446,18517, ,1,369,0,1213392,0,1399,1768
2019-11-04,2618,120,0,1213392,425,18141,18446, ,0,2,2,1213392,37,1432,1399
2019-11-05,2618,295,2,1213392,153,18281,18141, ,0,79,5,1213392,2,1350,1432
2019-11-06,2618,163,0,1213392,380,18064,18281, ,1,0,0,1213392,0,1350,1350
2019-11-07,2618,38,0,1213392,152,17950,18064, ,0,0,0,1213392,0,1350,1350
2019-11-08,2618,600,5,1213392,193,18352,17950, ,1,0,0,1213392,0,1350,1350
2019-11-11,2618,687,0,1213392,399,18640,18352, ,0,11,40,1213392,51,1350,1350
2019-11-12,2618,126,0,1213392,47,18719,18640, ,1,10,0,1213392,37,1377,1350
2019-11-13,2618,149,0,1213392,76,18792,18719, ,1,3,0,1213392,98,1472,1377
2019-11-14,2618,109,30,1213392,68,18803,18792, ,0,22,0,1213392,0,1450,1472
2019-11-15,2618,33,0,1213392,31,18805,18803, ,0,58,0,1213392,0,1392,1450
2019-11-18,2618,28,0,1213392,59,18774,18805, ,0,45,0,1213392,235,1582,1392
2019-11-19,2618,63,0,1213392,206,18631,18774, ,0,96,0,1213392,1,1487,1582
2019-11-20,2618,283,0,1213392,138,18776,18631, ,0,227,0,1213392,21,1281,1487
2019-11-21,2618,105,0,1213392,99,18782,18776, ,0,10,0,1213392,0,1271,1281
2019-11-22,2618,100,10,1213392,680,18192,18782, ,0,4,150,1213392,0,1117,1271
2019-11-25,2618,165,0,1213392,178,18179,18192, ,0,1,0,1213392,1,1117,1117
2019-11-26,2618,428,0,1213392,150,18457,18179, ,0,22,0,1213392,0,1095,1117
2019-11-27,2618,20,0,1213392,243,18234,18457, ,0,20,1,1213392,11,1085,1095
2019-11-28,2618,7,50,1213392,37,18154,18234, ,0,1,0,1213392,2,1086,1085
2019-11-29,2618,232,0,1213392,14,18372,18154, ,0,0,0,1213392,0,1086,1086
2019-12-02,2618,45,0,1213392,344,18073,18372, ,0,7,30,1213392,10,1059,1086
2019-12-03,2618,17,0,1213392,327,17763,18073, ,0,0,0,1213392,1,1060,1059
2019-12-04,2618,226,0,1213392,163,17826,17763, ,0,21,0,1213392,7,1046,1060
2019-12-05,2618,13,0,1213392,381,17458,17826, ,0,0,0,1213392,0,1046,1046
2019-12-06,2618,97,1,1213392,30,17524,17458, ,0,0,0,1213392,0,1046,1046
2019-12-09,2618,13,0,1213392,17,17520,17524, ,0,0,0,1213392,0,1046,1046
2019-12-10,2618,215,0,1213392,319,17416,17520, ,0,0,0,1213392,0,1046,1046
2019-12-11,2618,929,0,1213392,11,18334,17416, ,0,220,0,1213392,0,826,1046
2019-12-12,2618,152,0,1213392,265,18221,18334, ,0,5,0,1213392,0,821,826
2019-12-13,2618,413,11,1213392,163,18460,18221, ,0,0,0,1213392,0,821,821
2019-12-16,2618,160,0,1213392,282,18338,18460, ,0,25,0,1213392,12,808,821
2019-12-17,2618,916,0,1213392,341,18913,18338, ,0,1,0,1213392,2,809,808
2019-12-18,2618,182,0,1213392,712,18383,18913, ,0,0,0,1213392,2,811,809
2019-12-19,2618,214,0,1213392,71,18526,18383, ,1,0,2,1213392,0,809,811
2019-12-20,2618,717,5,1213392,40,19198,18526, ,0,0,0,1213392,11,820,809
2019-12-23,2618,115,1,1213392,78,19234,19198, ,0,0,0,1213392,10,830,820
2019-12-24,2618,197,0,1213392,427,19004,19234, ,0,1,10,1213392,0,819,830
2019-12-25,2618,88,20,1213392,261,18811,19004, ,0,0,0,1213392,1,820,819
2019-12-26,2618,37,0,1213392,1654,17194,18811, ,0,8,0,1213392,10,822,820
2019-12-27,2618,69,0,1213392,29,17234,17194, ,0,0,0,1213392,0,822,822
2019-12-30,2618,254,3,1213392,185,17300,17234, ,0,0,0,1213392,0,822,822
2019-12-31,2618,20,0,1213392,53,17267,17300, ,0,18,0,1213392,0,804,822
2020-01-02,2618,547,0,1213392,27,17787,17267, ,0,0,0,1213392,5,809,804
2020-01-03,2618,194,0,1213392,52,17929,17787, ,0,0,0,1213392,0,809,809
2020-01-06,2618,160,0,1213392,199,17890,17929, ,0,0,0,1213392,0,809,809
2020-01-07,2618,328,0,1213392,231,17987,17890, ,0,128,0,1213392,0,681,809
2020-01-08,2618,103,0,1213392,188,17902,17987, ,10,0,0,1213392,30,711,681
2020-01-09,2618,4364,0,1213392,156,22110,17902, ,0,0,0,1213392,80,791,711
2020-01-10,2618,760,0,1213392,919,21951,22110, ,0,0,0,1213392,0,791,791
2020-01-13,2618,1880,0,1213392,3529,20302,21951, ,0,13,0,1213392,2,780,791
2020-01-14,2618,2008,0,1213392,936,21374,20302, ,0,57,0,1213392,3,726,780
2020-01-15,2618,1543,1,1213392,34,22882,21374, ,2,0,0,1213392,0,726,726
2020-01-16,2618,234,0,1213392,192,22924,22882, ,0,0,0,1213392,0,726,726
2020-01-17,2618,192,0,1213392,41,23075,22924, ,0,0,0,1213392,10,736,726
2020-01-20,2618,175,258,1213392,308,22684,23075, ,0,0,0,1213392,17,753,736
2020-01-30,2618,925,6,1213392,1543,22058,22682, ,20,79,0,1213392,2945,3619,753
2020-01-31,2618,546,2,1213392,559,22043,22058, ,12,340,0,1213392,689,3968,3619
2020-02-03,2618,579,14,1213392,2114,20494,22043, ,3,775,2,1213392,1169,4360,3968
2020-02-04,2618,2813,50,1213392,490,22767,20494, ,4,319,0,1213392,470,4511,4360
2020-02-05,2618,204,0,1213392,178,22793,22767, ,0,93,0,1213392,761,5179,4511
2020-02-06,2618,2434,0,1213392,590,24637,22793, ,1,405,0,1213392,349,5123,5179
2020-02-07,2618,316,0,1213392,2080,22873,24637, ,0,555,0,1213392,398,4966,5123
2020-02-10,2618,77,0,1213392,2068,20882,22873, ,3,170,0,1213392,433,5229,4966
2020-02-11,2618,138,4,1213392,145,20871,20882, ,0,36,0,1213392,107,5300,5229
2020-02-12,2618,500,13,1213392,285,21073,20871, ,0,74,0,1213392,96,5322,5300
2020-02-13,2618,4558,0,1213392,555,25076,21073, ,3,344,5,1213392,298,5271,5322
2020-02-14,2618,219,0,1213392,201,25094,25076, ,1,119,0,1213392,71,5223,5271
2020-02-17,2618,149,0,1213392,4022,21221,25094, ,0,37,1,1213392,144,5329,5223
2020-02-18,2618,236,0,1213392,154,21303,21221, ,0,79,0,1213392,115,5365,5329
2020-02-19,2618,150,0,1213392,181,21272,21303, ,2,7,0,1213392,293,5651,5365
2020-02-20,2618,415,0,1213392,384,21303,21272, ,0,67,20,1213392,308,5872,5651
2020-02-21,2618,691,0,1213392,93,21901,21303, ,0,52,0,1213392,182,6002,5872
2020-02-24,2618,195,0,1213392,238,21858,21901, ,0,276,0,1213392,426,6152,6002
2020-02-25,2618,149,0,1213392,68,21939,21858, ,0,290,0,1213392,131,5993,6152
2020-02-26,2618,19,2,1213392,250,21706,21939, ,0,124,1,1213392,46,5914,5993
2020-02-27,2618,202,0,1213392,1260,20648,21706, ,74,399,0,1213392,108,5623,5914
2020-03-02,2618,704,3,1213392,466,20883,20648, ,1,901,0,1213392,165,4887,5623
2020-03-03,2618,182,12,1213392,404,20649,20883, ,0,84,0,1213392,190,4993,4887
2020-03-04,2618,335,0,1213392,139,20845,20649, ,22,202,0,1213392,206,4997,4993
2020-03-05,2618,616,20,1213392,181,21260,20845, ,2,193,0,1213392,730,5534,4997
2020-03-06,2618,231,36,1213392,214,21241,21260, ,0,233,0,1213392,564,5865,5534
2020-03-09,2618,280,0,1213392,277,21244,21241, ,0,571,0,1213392,463,5757,5865
2020-03-10,2618,220,52,1213392,217,21195,21244, ,12,308,0,1213392,780,6229,5757
2020-03-11,2618,193,17,1213392,416,20955,21195, ,11,630,250,1213392,355,5704,6229
2020-03-12,2618,851,0,1213392,1085,20721,20955, ,0,699,0,1213392,1559,6564,5704
2020-03-13,2618,887,26,1213392,4727,16855,20721, ,21,1890,0,1213392,785,5459,6564
2020-03-16,2618,589,0,1213392,1281,16163,16855, ,73,1343,708,1213392,1626,5034,5459
2020-03-17,2618,1196,162,1213392,2700,14497,16163, ,40,1187,1200,1213392,1199,3846,5034
2020-03-18,2618,1769,21,1213392,3133,13112,14497, ,230,807,336,1213392,2686,5389,3846
2020-03-19,2618,803,168,1213392,3076,10671,13112,X ,94,2786,6,1213392,1755,4352,5389
2020-03-20,2618,1967,125,1213392,264,12249,10671,X ,0,4146,1,1213392,0,205,4352
2020-03-23,2618,1095,12,1213392,844,12488,12249,X ,0,0,205,1213392,0,0,205
2020-03-24,2618,1290,60,1213392,774,12944,12488,X ,0,0,0,1213392,0,0,0
2020-03-25,2618,1991,0,1213392,1461,13474,12944, ,0,0,0,1213392,0,0,0
2020-03-26,2618,773,5,1213392,174,14068,13474, ,707,0,0,1213392,3921,3921,0
2020-03-27,2618,593,4,1213392,593,14064,14068, ,396,217,0,1213392,2206,5910,3921
2020-03-30,2618,276,9,1213392,448,13883,14064, ,50,1350,0,1213392,1133,5693,5910
2020-03-31,2618,963,16,1213392,355,14475,13883, ,31,247,14,1213392,957,6389,5693
2020-04-01,2618,490,4,1213392,770,14191,14475, ,1,255,1,1213392,748,6881,6389
2020-04-06,2618,547,0,1213392,538,14200,14191, ,12,517,2,1213392,847,7209,6881
2020-04-07,2618,779,62,1213392,583,14334,14200, ,10,397,0,1213392,578,7390,7209
2020-04-08,2618,1440,0,1213392,1636,14138,14334, ,61,508,6,1213392,764,7640,7390
2020-04-09,2618,2181,0,1213392,2257,14062,14138, ,26,910,0,1213392,1752,8482,7640
2020-04-10,2618,859,0,1213392,1159,13762,14062, ,13,306,0,1213392,426,8602,8482
2020-04-13,2618,729,41,1213392,555,13895,13762, ,10,398,0,1213392,218,8422,8602
2020-04-14,2618,1358,0,1213392,560,14693,13895, ,2,231,0,1213392,128,8319,8422
2020-04-15,2618,1025,0,1213392,2103,13615,14693, ,22,739,0,1213392,389,7969,8319
2020-04-16,2618,793,0,1213392,351,14057,13615, ,0,218,0,1213392,383,8134,7969
2020-04-17,2618,792,18,1213392,1388,13443,14057, ,4,167,0,1213392,440,8407,8134
2020-04-20,2618,555,0,1213392,405,13593,13443, ,5,234,0,1213392,663,8836,8407
2020-04-21,2618,766,0,1213392,1140,13219,13593, ,3,582,0,1213392,573,8827,8836
2020-04-22,2618,897,1,1213392,564,13551,13219, ,10,518,0,1213392,323,8632,8827
2020-04-23,2618,351,4,1213392,497,13401,13551, ,3,71,100,1213392,204,8665,8632
2020-04-24,2618,349,60,1213392,384,13306,13401, ,0,111,0,1213392,98,8652,8665
2020-04-27,2618,1116,0,1213392,378,14044,13306, ,0,72,0,1213392,166,8746,8652
2020-04-28,2618,2053,0,1213392,1588,14509,14044, ,11,342,0,1213392,434,8838,8746
2020-04-29,2618,6720,74,1213392,2573,18582,14509, ,38,1048,0,1213392,722,8512,8838
2020-04-30,2618,3590,100,1213392,4542,17530,18582, ,33,308,0,1213392,1064,9268,8512
2020-05-04,2618,1893,0,1213392,986,18437,17530, ,7,508,0,1213392,1274,10034,9268
2020-05-05,2618,880,0,1213392,2739,16578,18437, ,0,133,0,1213392,468,10369,10034
2020-05-06,2618,1145,50,1213392,1184,16489,16578, ,30,130,50,1213392,328,10517,10369
2020-05-07,2618,635,1,1213392,503,16620,16489, ,2,72,20,1213392,305,10730,10517
2020-05-08,2618,1691,326,1213392,377,17608,16620, ,3,48,0,1213392,99,10781,10730
2020-05-11,2618,1576,21,1213392,1326,17837,17608, ,12,279,0,1213392,515,11017,10781
2020-05-12,2618,931,18,1213392,448,18302,17837, ,3,195,0,1213392,248,11070,11017
2020-05-13,2618,349,4,1213392,690,17957,18302, ,6,73,0,1213392,95,11092,11070
2020-05-14,2618,530,0,1213392,868,17619,17957, ,0,343,0,1213392,434,11183,11092
2020-05-15,2618,857,4,1213392,699,17773,17619, ,1,309,18,1213392,26,10882,11183
2020-05-18,2618,738,0,1213392,280,18231,17773, ,0,494,0,1213392,221,10609,10882
2020-05-19,2618,2570,69,1213392,1068,19664,18231, ,9,159,0,1213392,157,10607,10609
2020-05-20,2618,617,3,1213392,2259,18019,19664, ,8,97,0,1213392,392,10902,10607
2020-05-21,2618,768,0,1213392,1433,17354,18019, ,2,55,0,1213392,53,10900,10902
2020-05-22,2618,526,0,1213392,880,17000,17354, ,0,315,0,1213392,11,10596,10900
2020-05-25,2618,843,0,1213392,460,17383,17000, ,2,522,0,1213392,27,10101,10596
2020-05-26,2618,1005,1,1213392,625,17762,17383, ,0,332,0,1213392,31,9800,10101
2020-05-27,2618,1755,20,1213392,1518,17979,17762, ,18,333,0,1213392,248,9715,9800
2020-05-28,2618,1371,51,1213392,1219,18080,17979, ,1,290,52,1213392,19,9392,9715
2020-05-29,2618,1159,0,1213392,336,18903,18080, ,0,300,0,1213392,22,9114,9392
2020-06-01,2618,522,0,1213392,106,19319,18903, ,0,130,0,1213392,11,8995,9114
2020-06-02,2618,505,0,1213392,817,19007,19319, ,5,158,0,1213392,264,9101,8995
2020-06-03,2618,497,0,1213392,398,19106,19007, ,0,94,0,1213392,23,9030,9101
2020-06-04,2618,2233,26,1213392,2676,18637,19106, ,22,117,0,1213392,160,9073,9030
2020-06-05,2618,5868,0,1213392,4515,19990,18637, ,142,701,50,1213392,399,8721,9073
2020-06-08,2618,2011,0,1213392,2986,19015,19990, ,108,98,0,1213392,472,9095,8721
2020-06-09,2618,3629,0,1213392,2820,19824,19015, ,0,27,14,1213392,97,9151,9095
2020-06-10,2618,725,0,1213392,754,19795,19824, ,0,57,0,1213392,87,9181,9151
2020-06-11,2618,681,0,1213392,2408,18068,19795, ,0,329,0,1213392,98,8950,9181
2020-06-12,2618,1504,1,1213392,658,18913,18068, ,15,374,0,1213392,219,8795,8950
2020-06-15,2618,676,1,1213392,427,19161,18913, ,0,272,150,1213392,164,8537,8795
2020-06-16,2618,1731,0,1213392,488,20404,19161, ,0,63,0,1213392,111,8585,8537
2020-06-17,2618,1237,0,1213392,3116,18525,20404, ,1,70,0,1213392,85,8600,8585
2020-06-18,2618,1096,0,1213392,274,19347,18525, ,0,41,0,1213392,48,8607,8600
2020-06-19,2618,198,73,1213392,789,18683,19347, ,2,113,0,1213392,22,8516,8607
2020-06-22,2618,196,0,1213392,1298,17581,18683, ,0,97,0,1213392,26,8445,8516
2020-06-23,2618,320,0,1213392,1308,16593,17581, ,0,170,0,1213392,13,8288,8445
2020-06-24,2618,405,0,1213392,477,16521,16593, ,0,34,0,1213392,31,8285,8288
2020-06-29,2618,870,0,1213392,222,17169,16521, ,0,119,0,1213392,244,8410,8285
2020-06-30,2618,122,2,1213392,917,16372,17169, ,0,219,0,1213392,36,8227,8410
2020-07-01,2618,864,4,1213392,210,17022,16372, ,0,18,0,1213392,13,8222,8227
2020-07-02,2618,658,2,1213392,251,17427,17022, ,0,63,100,1213392,109,8168,8222
2020-07-03,2618,593,0,1213392,197,17823,17427, ,0,20,0,1213392,34,8182,8168
2020-07-06,2618,440,0,1213392,511,17752,17823, ,0,76,0,1213392,20,8126,8182
2020-07-07,2618,2156,0,1213392,1121,18787,17752, ,5,1249,0,1213392,86,6963,8126
2020-07-08,2618,2506,0,1213392,1183,20110,18787, ,22,53,0,1213392,34,6944,6963
2020-07-09,2618,1355,2,1213392,881,20582,20110, ,0,178,0,1213392,6,6772,6944
2020-07-10,2618,573,27,1213392,190,20938,20582, ,0,130,20,1213392,51,6673,6772
2020-07-13,2618,605,1,1213392,1147,20395,20938, ,0,331,0,1213392,137,6479,6673
2020-07-14,2618,327,20,1213392,164,20538,20395, ,0,106,0,1213392,55,6428,6479
2020-07-15,2618,520,0,1213392,655,20403,20538, ,0,66,0,1213392,16,6378,6428
2020-07-16,2618,308,71,1213392,352,20288,20403, ,0,40,0,1213392,266,6604,6378
2020-07-17,2618,240,0,1213392,647,19881,20288, ,0,129,0,1213392,19,6494,6604
2020-07-20,2618,245,0,1213392,368,19758,19881, ,25,31,5,1213392,30,6488,6494
2020-07-21,2618,280,0,1213392,369,19669,19758, ,0,56,0,1213392,34,6466,6488
2020-07-22,2618,417,5,1213392,147,19934,19669, ,1,46,0,1213392,5,6425,6466
2020-07-23,2618,433,0,1213392,355,20012,19934, ,0,266,0,1213392,0,6159,6425
2020-07-24,2618,299,1,1213392,404,19906,20012, ,0,116,1,1213392,183,6225,6159
2020-07-27,2618,599,0,1213392,1297,19208,19906, ,1,267,0,1213392,119,6077,6225
2020-07-28,2618,785,0,1213392,637,19356,19208, ,20,567,0,1213392,95,5605,6077
2020-07-29,2618,192,0,1213392,706,18842,19356, ,40,36,0,1213392,383,5952,5605
2020-07-30,2618,247,0,1213392,47,19042,18842, ,0,106,0,1213392,12,5858,5952
2020-07-31,2618,1292,0,1213392,406,19928,19042, ,0,116,0,1213392,87,5829,5858
2020-08-03,2618,2312,0,1213392,511,21729,19928, ,0,174,0,1213392,29,5684,5829
2020-08-04,2618,191,0,1213392,213,21707,21729, ,0,94,0,1213392,4,5594,5684
2020-08-05,2618,737,0,1213392,232,22212,21707, ,0,44,0,1213392,75,5625,5594
2020-08-06,2618,190,512,1213392,889,21001,22212, ,1,201,0,1213392,137,5561,5625
2020-08-07,2618,1786,0,1213392,2521,20266,21001, ,113,146,0,1213392,19,5434,5561
2020-08-10,2618,3874,0,1213392,3063,21077,20266, ,6,69,100,1213392,96,5361,5434
2020-08-11,2618,510,0,1213392,584,21003,21077, ,0,34,0,1213392,32,5359,5361
2020-08-12,2618,136,27,1213392,615,20497,21003, ,1,69,0,1213392,22,5312,5359
2020-08-13,2618,266,0,1213392,587,20176,20497, ,0,15,0,1213392,19,5316,5312
2020-08-14,2618,897,0,1213392,566,20507,20176, ,0,124,0,1213392,39,5231,5316
2020-08-17,2618,2029,0,1213392,1448,21088,20507, ,5,118,66,1213392,55,5102,5231
2020-08-18,2618,488,0,1213392,1574,20002,21088, ,10,110,379,1213392,11,4624,5102
2020-08-19,2618,326,0,1213392,1912,18416,20002, ,0,190,0,1213392,23,4457,4624
2020-08-20,2618,1087,0,1213392,402,19101,18416, ,2,388,0,1213392,3,4072,4457
2020-08-21,2618,661,0,1213392,1033,18729,19101, ,1,59,0,1213392,598,4611,4072
2020-08-24,2618,1197,0,1213392,67,19859,18729, ,0,192,270,1213392,619,4768,4611
2020-08-25,2618,2202,0,1213392,2675,19386,19859, ,2,200,0,1213392,41,4609,4768
2020-08-26,2618,1819,0,1213392,1658,19547,19386, ,4,973,205,1213392,16,3447,4609
2020-08-27,2618,1418,3,1213392,1160,19802,19547,X ,2,1696,3,1213392,14,1762,3447
2020-08-28,2618,104,1,1213392,1435,18470,19802,X ,0,1165,322,1213392,0,275,1762
2020-08-31,2618,1966,0,1213392,1208,19228,18470,X ,0,0,275,1213392,0,0,275
2020-09-01,2618,1270,22,1213392,315,20161,19228,X ,0,0,0,1213392,0,0,0
2020-09-02,2618,916,4,1213392,460,20613,20161, ,0,0,0,1213392,0,0,0
2020-09-03,2618,638,38,1213392,707,20506,20613, ,147,0,0,1213392,129,129,0
2020-09-04,2618,947,0,1213392,2517,18936,20506, ,10,6,0,1213392,372,495,129
2020-09-07,2618,3671,0,1213392,1753,20854,18936, ,27,3,0,1213392,49,541,495
2020-09-08,2618,2298,0,1213392,2861,20291,20854, ,207,31,0,1213392,174,684,541
2020-09-09,2618,1404,0,1213392,1388,20307,20291, ,1,165,0,1213392,12,531,684
2020-09-10,2618,1756,30,1213392,2288,19745,20307, ,1,19,0,1213392,115,627,531
2020-09-11,2618,2241,100,1213392,2092,19794,19745, ,2,109,0,1213392,125,643,627
2020-09-14,2618,439,0,1213392,1714,18519,19794, ,39,151,0,1213392,16,508,643
2020-09-15,2618,1160,49,1213392,277,19353,18519, ,0,18,0,1213392,67,557,508
2020-09-16,2618,292,0,1213392,314,19331,19353, ,1,101,0,1213392,40,496,557
2020-09-17,2618,141,0,1213392,221,19251,19331, ,0,0,0,1213392,33,529,496
2020-09-18,2618,65,0,1213392,95,19221,19251, ,3,15,0,1213392,14,528,529
2020-09-21,2618,343,30,1213392,240,19294,19221, ,0,62,0,1213392,1,467,528
2020-09-22,2618,1061,0,1213392,1094,19261,19294, ,0,43,0,1213392,60,484,467
2020-09-23,2618,494,0,1213392,140,19615,19261, ,0,37,0,1213392,32,479,484
2020-09-24,2618,291,0,1213392,1532,18374,19615, ,2,54,0,1213392,10,435,479
2020-09-25,2618,1273,0,1213392,185,19462,18374, ,0,5,0,1213392,8,438,435
2020-09-28,2618,600,0,1213392,807,19255,19462, ,7,105,0,1213392,54,387,438
2020-09-29,2618,170,0,1213392,700,18725,19255, ,0,3,0,1213392,51,435,387
2020-09-30,2618,268,455,1213392,27,18511,18725, ,0,22,0,1213392,0,413,435
2020-10-05,2618,326,40,1213392,106,18691,18511, ,5,6,0,1213392,22,429,413
2020-10-06,2618,31,0,1213392,150,18572,18691, ,0,4,0,1213392,27,452,429
2020-10-07,2618,80,0,1213392,140,18512,18572, ,0,2,0,1213392,2,452,452
2020-10-08,2618,710,0,1213392,26,19196,18512, ,0,2,0,1213392,1,451,452
2020-10-12,2618,162,0,1213392,121,19237,19196, ,0,1,0,1213392,35,485,451
2020-10-13,2618,178,0,1213392,48,19367,19237, ,1,62,0,1213392,9,432,485
2020-10-14,2618,294,0,1213392,110,19551,19367, ,0,6,0,1213392,18,444,432
2020-10-15,2618,90,220,1213392,157,19264,19551, ,23,14,0,1213392,20,450,444
2020-10-16,2618,569,0,1213392,177,19656,19264, ,18,1,0,1213392,5,454,450
2020-10-19,2618,125,0,1213392,101,19680,19656, ,1,6,0,1213392,115,563,454
2020-10-20,2618,152,0,1213392,361,19471,19680, ,0,2,0,1213392,303,864,563
2020-10-21,2618,326,3,1213392,38,19756,19471, ,1,58,0,1213392,581,1387,864
2020-10-22,2618,61,200,1213392,119,19498,19756, ,0,40,0,1213392,132,1479,1387
2020-10-23,2618,1040,0,1213392,275,20263,19498, ,3,36,0,1213392,597,2040,1479
2020-10-26,2618,1455,0,1213392,464,21254,20263, ,2,0,0,1213392,908,2948,2040
2020-10-27,2618,444,0,1213392,273,21425,21254, ,0,88,0,1213392,293,3153,2948
2020-10-28,2618,461,3,1213392,345,21538,21425, ,8,25,0,1213392,798,3926,3153
2020-10-29,2618,258,0,1213392,554,21242,21538, ,8,151,0,1213392,361,4136,3926
2020-10-30,2618,190,0,1213392,344,21088,21242, ,1,1,0,1213392,186,4321,4136
2020-11-02,2618,333,0,1213392,72,21349,21088, ,2,94,0,1213392,52,4279,4321
2020-11-03,2618,167,11,1213392,511,20994,21349, ,0,31,0,1213392,156,4404,4279
2020-11-04,2618,163,0,1213392,530,20627,20994, ,0,10,0,1213392,450,4844,4404
2020-11-05,2618,79,0,1213392,158,20548,20627, ,7,67,0,1213392,50,4827,4844
2020-11-06,2618,19,0,1213392,541,20026,20548, ,0,72,0,1213392,103,4858,4827
2020-11-09,2618,281,0,1213392,254,20053,20026, ,1,131,20,1213392,100,4807,4858
2020-11-10,2618,4694,1,1213392,1561,23185,20053, ,0,0,0,1213392,629,5436,4807
2020-11-11,2618,7395,0,1213392,6666,23914,23185, ,129,691,0,1213392,394,5139,5436
2020-11-12,2618,1890,0,1213392,2926,22878,23914, ,13,627,0,1213392,311,4823,5139
2020-11-13,2618,1330,0,1213392,1467,22741,22878, ,1,3,101,1213392,122,4841,4823
2020-11-16,2618,1499,6,1213392,883,23351,22741, ,9,39,0,1213392,85,4887,4841
2020-11-17,2618,3365,0,1213392,3689,23027,23351, ,310,343,0,1213392,981,5525,4887
2020-11-18,2618,8081,1,1213392,3615,27492,23027, ,79,386,1,1213392,2674,7812,5525
2020-11-19,2618,3246,201,1213392,3705,26832,27492, ,19,36,0,1213392,1458,9234,7812
2020-11-20,2618,1545,20,1213392,2200,26157,26832, ,0,177,3,1213392,308,9362,9234
2020-11-23,2618,1607,0,1213392,1919,25845,26157, ,5,253,0,1213392,705,9814,9362
2020-11-24,2618,3121,0,1213392,4140,24826,25845, ,14,522,1,1213392,1485,10776,9814
2020-11-25,2618,12432,0,1213392,3035,34223,24826, ,49,514,0,1213392,1936,12198,10776
2020-11-26,2618,1704,0,1213392,4619,31308,34223, ,11,58,0,1213392,1972,14112,12198
2020-11-27,2618,2571,0,1213392,3101,30778,31308, ,1,594,4,1213392,239,13753,14112
2020-11-30,2618,6858,2,1213392,1753,35881,30778, ,30,2352,0,1213392,223,11624,13753
2020-12-01,2618,4111,0,1213392,3201,36791,35881, ,3,197,140,1213392,772,12059,11624
2020-12-02,2618,9005,4,1213392,4193,41599,36791, ,9,464,1,1213392,607,12201,12059
2020-12-03,2618,8148,2,1213392,6583,43162,41599, ,9,33,30,1213392,1297,13435,12201
2020-12-04,2618,2210,0,1213392,3904,41468,43162, ,10,645,89,1213392,158,12859,13435
2020-12-07,2618,2322,0,1213392,4658,39043,41379, ,11,119,1,1213392,231,12969,12858
2020-12-08,2618,3243,39,1213392,3172,39106,39074, ,21,298,1,1213392,244,12914,12969
2020-12-09,2618,2406,0,1213392,3467,38045,39106, ,7,32,0,1213392,99,12981,12914
2020-12-10,2618,1717,1,1213392,3980,35781,38045, ,3,121,0,1213392,131,12991,12981
2020-12-11,2618,2202,4,1213392,3199,34780,35781, ,17,498,5,1213392,682,13170,12991
2020-12-14,2618,4730,3,1213392,1326,38181,34780, ,29,173,0,1213392,1224,14221,13170
2020-12-15,2618,18407,0,1213392,7354,49234,38181, ,209,261,0,1213392,2851,16811,14221
2020-12-16,2618,3503,0,1213392,8600,44137,49234, ,10,52,54,1213392,2794,19499,16811
2020-12-17,2618,3426,0,1213392,3681,43882,44137, ,7,120,2,1213392,1094,20471,19499
2020-12-18,2618,5366,0,1213392,5956,43292,43882, ,42,182,0,1213392,1072,21361,20471
2020-12-21,2618,7924,0,1213392,6837,44379,43292, ,21,484,0,1213392,3713,24590,21361
2020-12-22,2618,4594,0,1213392,11136,37837,44379, ,16,1725,51,1213392,2799,25613,24590
2020-12-23,2618,1510,170,1213392,3557,35620,37837, ,80,980,0,1213392,1005,25638,25613
2020-12-24,2618,1795,2,1213392,797,36616,35620, ,550,314,26,1213392,575,25873,25638
2020-12-25,2618,1799,13,1213392,1555,36847,36616, ,0,235,269,1213392,574,25943,25873
2020-12-28,2618,2494,30,1213392,1585,37726,36847, ,12,233,92,1213392,1221,26839,25943
2020-12-29,2618,4064,49,1213392,3047,38694,37726, ,9,67,266,1213392,1127,27633,26839
2020-12-30,2618,3564,0,1213392,1556,40702,38694, ,85,99,270,1213392,1327,28591,27633
2020-12-31,2618,1016,0,1213392,1243,40475,40702, ,7,56,130,1213392,818,29223,28591
2021-01-04,2618,1449,7,1213392,2539,39378,40475, ,10,120,59,1213392,199,29243,29223
2021-01-05,2618,854,20,1213392,390,39822,39378, ,2,115,41,1213392,324,29411,29243
2021-01-06,2618,908,1300,1213392,1591,37839,39822, ,0,231,92,1213392,41,29129,29411
2021-01-07,2618,582,1,1213392,2409,36011,37839, ,1,1056,185,1213392,43,27931,29129
2021-01-08,2618,719,2068,1213392,685,33977,36011, ,0,1098,899,1213392,67,26001,27931
2021-01-11,2618,980,2,1213392,873,34082,33977, ,3,3163,275,1213392,12,22575,26001
2021-01-12,2618,295,22,1213392,2259,32096,34082, ,0,5229,210,1213392,199,17335,22575
2021-01-13,2618,553,0,1213392,682,31967,32096, ,1,565,52,1213392,107,16825,17335
2021-01-14,2618,461,1,1213392,1077,31350,31967, ,0,148,48,1213392,85,16714,16825
2021-01-15,2618,750,14,1213392,1531,30555,31350, ,2,1310,308,1213392,125,15221,16714
2021-01-18,2618,191,0,1213392,771,29975,30555, ,12,279,38,1213392,335,15239,15221
2021-01-19,2618,208,0,1213392,156,30027,29975, ,0,30,88,1213392,38,15159,15239
2021-01-20,2618,206,0,1213392,974,29259,30027, ,3,675,500,1213392,26,14010,15159
2021-01-21,2618,330,1,1213392,337,29251,29259, ,1,579,358,1213392,95,13168,14010
2021-01-22,2618,495,9,1213392,418,29319,29251, ,1,177,460,1213392,36,12567,13168
2021-01-25,2618,82,20,1213392,463,28918,29319, ,3,150,408,1213392,1,12010,12567
2021-01-26,2618,127,0,1213392,1587,27458,28918, ,1,382,478,1213392,14,11164,12010
2021-01-27,2618,6485,0,1213392,1326,32617,27458, ,3,54,26,1213392,1882,12966,11164
2021-01-28,2618,2490,9,1213392,1864,33234,32617, ,53,9,0,1213392,1187,14144,12966
2021-01-29,2618,1562,0,1213392,1326,33470,33234, ,10,194,0,1213392,61,14011,14144
2021-02-01,2618,1360,4,1213392,1985,32841,33470, ,1,110,0,1213392,297,14198,14011
2021-02-02,2618,424,3,1213392,1009,32253,32841, ,0,99,41,1213392,43,14101,14198
2021-02-03,2618,468,9,1213392,1108,31604,32253, ,0,54,0,1213392,12,14059,14101
2021-02-04,2618,351,0,1213392,503,31452,31604, ,0,13,0,1213392,180,14226,14059
2021-02-05,2618,2044,5,1213392,1317,32174,31452, ,4,2297,0,1213392,612,12541,14226
2021-02-17,2618,2106,0,1213392,2276,31993,32163, ,145,1,0,1213392,143,12683,12541
2021-02-18,2618,1056,0,1213392,822,32227,31993, ,0,139,123,1213392,92,12513,12683
2021-02-19,2618,420,2,1213392,843,31802,32227, ,2,109,0,1213392,161,12565,12513
2021-02-22,2618,14451,200,1213392,3173,42880,31802, ,20,190,1096,1213392,1243,12522,12565
2021-02-23,2618,19119,0,1213392,8692,53307,42880, ,164,398,0,1213392,13688,25812,12522
2021-02-24,2618,6789,50,1213392,11081,48965,53307, ,48,149,315,1213392,4852,30200,25812
2021-02-25,2618,28836,3,1213392,6042,71756,48965, ,98,916,518,1213392,4625,33391,30200
2021-02-26,2618,17615,0,1213392,18949,70422,71756, ,424,779,370,1213392,4578,36820,33391
2021-03-02,2618,8560,2,1213392,14073,64907,70422, ,135,617,7052,1213392,4444,33595,36820
2021-03-03,2618,4800,0,1213392,6911,62796,64907, ,22,393,3603,1213392,891,30490,33595
2021-03-04,2618,2502,20,1213392,3145,62133,62796, ,32,360,1689,1213392,1045,29486,30490
2021-03-05,2618,2784,807,1213392,3441,60669,62133, ,14,1427,4373,1213392,211,23897,29486
2021-03-08,2618,1733,0,1213392,4165,58237,60669, ,12,186,734,1213392,977,23954,23897
2021-03-09,2618,9284,0,1213392,3567,63954,58237, ,46,1018,932,1213392,223,22227,23954
2021-03-10,2618,2045,0,1213392,3648,62351,63954, ,11,203,1078,1213392,1111,22057,22227
2021-03-11,2618,1736,0,1213392,2554,61533,62351, ,1,469,1082,1213392,953,21459,22057
2021-03-12,2618,5942,20,1222008,4448,63007,61533, ,34,230,634,1222008,492,21087,21459
2021-03-15,2618,4306,5,1222008,2452,64856,63007, ,5,415,907,1222008,49,19814,21087
2021-03-16,2618,11594,706,1222008,6512,69232,64856, ,21,344,1311,1222008,377,18536,19814
2021-03-17,2618,4850,11,1222008,8207,65864,69232, ,11,526,1024,1222008,658,17644,18536
2021-03-18,2618,2848,0,1222008,3916,64796,65864, ,7,349,1459,1222008,168,16004,17644
2021-03-19,2618,2869,0,1222008,3383,64282,64796, ,78,921,1350,1222008,707,14440,16004
2021-03-22,2618,9347,4,1222008,5426,68199,64282, ,114,313,156,1222008,2034,16005,14440
2021-03-23,2618,2888,76,1222008,5178,65833,68199, ,20,405,190,1222008,410,15820,16005
2021-03-24,2618,2597,5,1222008,2246,66179,65833, ,127,146,135,1222008,3299,18838,15820
2021-03-25,2618,1202,17,1222008,2026,65338,66179, ,15,63,85,1222008,598,19288,18838
2021-03-26,2618,9361,104,1222008,1638,72957,65338, ,18,134,1626,1222008,68,17596,19288
2021-03-29,2618,7741,0,1222008,8649,72049,72957, ,46,239,400,1222008,1408,18365,17596
2021-03-30,2618,4277,0,1222008,6118,70208,72049, ,12,1179,2085,1222008,104,15205,18365
2021-03-31,2618,4543,0,1222008,3141,71610,70208, ,20,279,1130,1222008,101,13897,15205
2021-04-01,2618,2140,5,1222008,2986,70759,71610, ,8,123,1648,1222008,110,12236,13897
2021-04-06,2618,1233,20,1222008,3344,68628,70759, ,0,387,2492,1222008,11,9368,12236
2021-04-07,2618,2577,40,1222008,1688,69477,68628, ,0,215,2129,1222008,66,7090,9368
2021-04-08,2618,6957,2,1222008,3779,72653,69477, ,43,87,1516,1222008,312,5799,7090
2021-04-09,2618,8636,8,1222008,12090,69191,72653,X ,49,664,984,1222008,415,4566,5799
2021-04-12,2618,6466,4,1222008,4472,71181,69191,X ,0,1806,2347,1222008,0,413,4566
2021-04-13,2618,29468,10,1222008,19043,81596,71181,X ,0,0,413,1222008,0,0,413
2021-04-14,2618,20042,9,1241128,17011,84618,81596,X ,0,0,0,1241128,0,0,0
2021-04-15,2618,6170,0,1241128,4441,86347,84618, ,0,0,0,1241128,0,0,0
2021-04-16,2618,7642,73,1241128,6106,87810,86347, ,162,0,0,1241128,822,822,0
2021-04-19,2618,11921,0,1241128,8880,90851,87810, ,781,34,0,1241128,508,1296,822
2021-04-20,2618,4687,105,1241128,6583,88850,90851, ,37,102,270,1241128,304,1228,1296
2021-04-21,2618,17336,0,1241128,11846,94340,88850, ,234,121,40,1241128,4364,5431,1228
2021-04-22,2618,20836,1,1241128,20940,94235,94340, ,886,288,20,1241128,9367,14490,5431
2021-04-23,2618,13898,8,1241128,12467,95444,94021, ,291,541,8,1241128,4050,17982,14481
2021-04-26,2618,5933,0,1241128,6260,95117,95444, ,64,288,1188,1241128,765,17271,17982
2021-04-27,2618,10188,5,1241128,5133,100167,95117, ,275,1535,389,1241128,2244,17591,17271
2021-04-28,2618,17088,0,1241128,10884,106371,100167, ,246,130,864,1241128,698,17295,17591
2021-04-29,2618,6929,0,1241128,8055,105245,106371, ,69,340,3,1241128,983,17935,17295
2021-05-03,2618,3494,2,1241128,13807,94930,105245, ,57,587,22,1241128,2846,20172,17935
2021-05-04,2618,5583,36,1241128,10820,89657,94930, ,491,859,0,1241128,3946,23259,20172
2021-05-05,2618,2844,19,1241128,8765,83717,89657, ,230,313,2,1241128,1948,24892,23259
2021-05-06,2618,2186,54,1241128,4850,80999,83717, ,116,632,10,1241128,1097,25347,24892
2021-05-07,2618,4202,2,1241128,6409,78790,80999, ,95,567,200,1241128,1326,25906,25347
2021-05-10,2618,5043,10,1241128,2371,81452,78790, ,54,273,0,1241128,4291,29924,25906
2021-05-11,2618,5891,0,1241128,6761,80582,81452, ,193,281,100,1241128,2963,32506,29924
2021-05-12,2618,6623,163,1241128,7462,79550,80552, ,19,929,0,1241128,1144,32721,32506
2021-05-13,2618,3444,120,1241128,6541,76333,79550, ,0,6710,40,1241128,320,26291,32721
2021-05-14,2618,2454,93,1257555,4156,74538,76333, ,115,797,16,1257555,2511,27989,26291
2021-05-17,2618,1911,376,1257555,8864,67209,74538, ,109,3074,196,1257555,6738,31457,27989
2021-05-18,2618,4579,34,1257555,3361,68447,67263, ,141,674,99,1257555,5989,36673,31457
2021-05-19,2618,3389,10,1257555,2905,68921,68447, ,170,802,0,1257555,3647,39518,36673
2021-05-20,2618,1850,57,1257555,2435,68279,68921, ,84,350,260,1257555,1260,40168,39518
2021-05-21,2618,3811,9,1257555,2574,69507,68279, ,33,158,324,1257555,464,40150,40168
2021-05-24,2618,1404,2,1257555,3303,67606,69507, ,89,73,1012,1257555,1112,40177,40150
2021-05-25,2618,925,61,1257555,1052,67418,67606, ,64,129,501,1257555,68,39615,40177
2021-05-26,2618,1056,28,1257555,1500,66946,67418, ,5,273,1,1257555,166,39507,39615
2021-05-27,2618,19128,5,1257555,5795,80274,66946, ,276,359,1000,1257555,2028,40176,39507
2021-05-28,2618,9409,12,1257555,14584,75087,80274, ,269,682,50,1257555,2602,42046,40176
2021-05-31,2618,5802,208,1257555,7036,73645,75087, ,54,967,0,1257555,3751,44830,42046
2021-06-01,2618,10356,0,1257555,4903,79098,73645, ,43,1345,824,1257555,1264,43925,44830
2021-06-02,2618,13749,3,1257555,11796,81048,79098, ,167,11482,0,1257555,137,32580,43925
2021-06-03,2618,29412,0,1257555,4823,105637,81048, ,0,4,282,1257555,1182,33476,32580
2021-06-04,2618,40233,4,1257555,48558,97308,105637, ,735,7701,43,1257555,5222,30954,33476
2021-06-07,2618,23051,0,1257555,17913,102446,97308, ,439,2029,32,1257555,1256,30149,30954
2021-06-08,2618,29425,3,1257555,12122,119746,102446, ,520,808,32,1257555,2856,32165,30149
2021-06-09,2618,11933,0,1257555,17541,114138,119746, ,108,1250,10,1257555,825,31730,32165
2021-06-10,2618,13314,23,1257555,11878,115551,114138, ,471,1350,58,1257555,966,31288,31730
2021-06-11,2618,15375,1,1257555,9220,121705,115551, ,280,733,58,1257555,413,30910,31288
2021-06-15,2618,11716,31,1257555,12820,120570,121705, ,102,1066,9,1257555,228,30063,30910
2021-06-16,2618,11385,5,1257555,11207,120743,120570, ,169,958,300,1257555,307,29112,30063
2021-06-17,2618,14655,58,1257555,5086,130254,120743, ,71,881,2101,1257555,916,27046,29112
2021-06-18,2618,17293,96,1257555,17983,129468,130254, ,281,496,0,1257555,294,26844,27046
2021-06-21,2618,75617,0,1257555,36072,169013,129468, ,622,307,131,1257555,5320,31726,26844
2021-06-22,2618,46417,0,1257555,74971,140459,169013, ,1600,2725,4962,1257555,1821,25860,31726
2021-06-23,2618,14701,46,1257555,19622,135492,140459, ,362,1165,2896,1257555,2241,24040,25860
2021-06-24,2618,10653,152,1257555,7041,138952,135492, ,235,1515,1886,1257555,552,21191,24040
2021-06-25,2618,17124,5,1257555,15305,140766,138952, ,243,726,1171,1257555,1275,20569,21191
2021-06-28,2618,13082,64,1257555,14740,139044,140766, ,94,710,756,1257555,6076,25179,20569
2021-06-29,2618,7665,20,1257555,13593,133096,139044, ,79,1178,787,1257555,2743,25957,25179
2021-06-30,2618,5018,20,1257555,5460,132634,133096, ,184,147,1387,1257555,405,24828,25957
2021-07-01,2618,10128,27,1257555,9903,132832,132634, ,276,8132,1751,1257555,379,15324,24828
2021-07-02,2618,3772,60,1257555,7799,128745,132832, ,75,508,39,1257555,4488,19265,15324
2021-07-05,2618,5009,0,1257555,5363,128391,128745, ,69,314,92,1257555,395,19254,19265
2021-07-06,2618,6677,8,1257555,5598,129462,128391, ,40,209,836,1257555,207,18416,19254
2021-07-07,2618,9703,22,1257555,9679,129464,129462, ,130,1195,2564,1257555,897,15554,18416
2021-07-08,2618,3925,19,1257555,6696,126674,129464, ,139,583,1032,1257555,992,14931,15554
2021-07-09,2618,4897,0,1257555,6671,124900,126674, ,41,464,107,1257555,242,14602,14931
2021-07-12,2618,2821,120,1257555,11866,115735,124900, ,73,399,789,1257555,5717,19131,14602
2021-07-13,2618,6603,38,1257555,15850,106450,115735, ,86,5609,304,1257555,941,14159,19131
2021-07-14,2618,4088,22,1269760,6423,104093,106450, ,144,1562,2058,1269760,632,11171,14159
2021-07-15,2618,3905,0,1269760,3993,104005,104093, ,67,693,45,1269760,775,11208,11171
2021-07-16,2618,2126,3,1269760,2188,103493,103558, ,28,317,108,1269760,150,10933,11208
2021-07-19,2618,1991,73,1269760,3016,102395,103493, ,11,186,339,1269760,438,10846,10933
2021-07-20,2618,1619,12,1269760,2877,101125,102395, ,15,987,134,1269760,704,10429,10846
2021-07-21,2618,2639,2,1269760,4608,99154,101125, ,63,1043,689,1269760,543,9240,10429
2021-07-22,2618,2417,62,1269760,1295,100214,99154, ,27,585,89,1269760,1204,9770,9240
2021-07-23,2618,4689,90,1269760,3215,101603,100219, ,58,284,2512,1269760,1621,8605,9780
2021-07-26,2618,4579,0,1269760,2106,104076,101603, ,68,319,125,1269760,150,8311,8605
2021-07-27,2618,7304,0,1269760,3916,107464,104076, ,167,98,2,1269760,557,8768,8311
2021-07-28,2618,2039,9,1269760,4322,105172,107464, ,38,872,682,1269760,311,7525,8768
2021-07-29,2618,2037,5,1269760,2821,104383,105172, ,11,159,206,1269760,180,7340,7525
2021-07-30,2618,2484,21,1269760,2481,104365,104383, ,44,253,304,1269760,221,7004,7340
2021-08-02,2618,617,17,1269760,3806,101159,104365, ,15,270,157,1269760,852,7429,7004
2021-08-03,2618,648,1,1269760,1058,100748,101159, ,3,141,35,1269760,209,7462,7429
2021-08-04,2618,635,0,1269760,673,100710,100748, ,8,131,42,1269760,434,7723,7462
2021-08-05,2618,1857,32,1269760,605,101930,100710, ,37,90,56,1269760,124,7701,7723
2021-08-06,2618,2440,4,1269760,1217,103149,101930, ,3,144,69,1269760,360,7848,7701
2021-08-09,2618,12441,1,1269760,5984,109605,103149, ,19,56,37,1269760,2333,10088,7848
2021-08-10,2618,14060,0,1269760,12839,110826,109605, ,596,1132,354,1269760,3086,11688,10088
2021-08-11,2618,4260,20,1269760,7478,107588,110826, ,116,2960,47,1269760,4451,13132,11688
2021-08-12,2618,4332,24,1269760,2121,109775,107588, ,54,2504,137,1269760,759,11250,13132
2021-08-13,2618,8615,14,1282526,5939,112437,109775, ,161,377,182,1282526,1197,11888,11250
2021-08-16,2618,2684,225,1282526,7099,107797,112437, ,70,3522,192,1282526,398,8572,11888
2021-08-17,2618,1728,18,1282526,3535,105972,107797, ,26,200,229,1282526,319,8462,8572
2021-08-18,2618,2187,40,1282526,4168,103951,105972, ,133,1060,417,1282526,496,7481,8462
2021-08-19,2618,2077,21,1282526,3226,102781,103951, ,85,186,439,1282526,560,7416,7481
2021-08-20,2618,2251,110,1282526,1791,103131,102781, ,40,775,1083,1282526,207,5765,7416
2021-08-23,2618,8836,72,1282526,5633,106262,103131, ,132,266,474,1282526,1491,6516,5765
2021-08-24,2618,2972,33,1282526,6605,102596,106262, ,31,972,27,1282526,510,6027,6516
2021-08-25,2618,2105,2,1282526,2811,101888,102596, ,44,80,0,1282526,880,6827,6027
2021-08-26,2618,1391,59,1282526,2292,100928,101888, ,11,257,143,1282526,46,6473,6827
2021-08-27,2618,1417,22,1282526,2102,100221,100928, ,10,407,30,1282526,298,6334,6473
2021-08-30,2618,1227,4,1282526,2033,99411,100221, ,2,743,561,1282526,65,5095,6334
2021-08-31,2618,1656,0,1282526,3276,97791,99411, ,3,584,840,1282526,282,3953,5095
2021-09-01,2618,1786,6,1282526,2067,97504,97791, ,23,1518,154,1282526,998,3279,3953
2021-09-02,2618,2480,101,1282526,925,98958,97504,X ,19,633,874,1282526,911,2683,3279
2021-09-03,2618,1276,56,1282526,2380,97798,98958,X ,0,1091,1069,1282526,0,523,2683
2021-09-06,2618,1765,1794,1282526,2408,95361,97798,X ,0,0,523,1282526,0,0,523
2021-09-07,2618,2188,30,1282526,1497,96022,95361,X ,0,0,0,1282526,0,0,0
2021-09-08,2618,1225,20,1282526,763,96464,96022, ,0,0,0,1282526,0,0,0
2021-09-09,2618,2421,109,1282526,655,98121,96464, ,167,0,0,1282526,12090,12090,0
2021-09-10,2618,991,0,1282526,1426,97686,98121, ,1255,2119,0,1282526,1642,11613,12090
2021-09-13,2618,1128,6,1282526,1183,97625,97686, ,4,1450,300,1282526,2474,12337,11613
2021-09-14,2618,1193,11,1284634,1104,97703,97625, ,1,500,0,1284634,191,12028,12337
2021-09-15,2618,1940,29,1284634,606,99008,97703, ,0,152,0,1284634,1328,13204,12028
2021-09-16,2618,377,10,1284634,1720,97655,99008, ,0,22,0,1284634,1005,14187,13204
2021-09-17,2618,1806,166,1284634,1044,98251,97655, ,1,41,0,1284634,303,14449,14187
2021-09-22,2618,1312,11,1284634,1495,98057,98251, ,4,363,57,1284634,28,14057,14449
2021-09-23,2618,1438,6,1284634,3187,96302,98057, ,1,48,50,1284634,449,14408,14057
2021-09-24,2618,830,30,1284634,2055,95047,96302, ,48,9,367,1284634,387,14419,14408
2021-09-27,2618,2084,5,1284634,1964,95162,95047, ,6,1902,623,1284634,270,12164,14419
2021-09-28,2618,1713,0,1284634,1307,95568,95162, ,76,3448,100,1284634,781,9397,12164
2021-09-29,2618,1575,41,1284634,1327,95775,95568, ,78,853,17,1284634,440,8967,9397
2021-09-30,2618,2999,2,1284634,1936,96836,95775, ,41,2073,140,1284634,479,7233,8967
2021-10-01,2618,2575,10,1284634,3162,96239,96836, ,105,615,0,1284634,599,7217,7233
2021-10-04,2618,10866,0,1284634,3371,103734,96239, ,103,268,8,1284634,3525,10466,7217
2021-10-05,2618,1291,12,1284634,3469,101544,103734, ,98,863,0,1284634,4017,13620,10466
2021-10-06,2618,1968,213,1284634,1528,101771,101544, ,66,680,790,1284634,339,12489,13620
2021-10-07,2618,2328,13,1284634,2362,101724,101771, ,6,181,400,1284634,2660,14568,12489
2021-10-08,2618,2041,4,1284634,1235,102526,101724, ,12,279,300,1284634,41,14030,14568
2021-10-12,2618,1346,27,1284634,2091,101754,102526, ,65,456,370,1284634,96,13300,14030
2021-10-13,2618,2468,15,1284634,2877,101330,101754, ,5,124,130,1284634,929,13975,13300
2021-10-14,2618,2102,8,1284634,1631,101793,101330, ,28,727,315,1284634,308,13241,13975
2021-10-15,2618,570,2,1284634,710,101651,101793, ,1,354,0,1284634,228,13115,13241
2021-10-18,2618,823,0,1284634,1015,101459,101651, ,1,245,0,1284634,102,12972,13115
2021-10-19,2618,3068,100,1284634,3011,101416,101459, ,2,8318,500,1284634,925,5079,12972
2021-10-20,2618,815,4,1284634,1643,100584,101416, ,35,577,0,1284634,353,4855,5079
2021-10-21,2618,670,700,1284634,1956,98598,100584, ,15,258,0,1284634,334,4931,4855
2021-10-22,2618,2281,114,1284634,1525,99240,98598, ,6,1207,0,1284634,74,3798,4931
2021-10-25,2618,520,11,1284634,821,98928,99240, ,5,296,0,1284634,141,3643,3798
2021-10-26,2618,871,400,1284634,595,98804,98928, ,0,73,4,1284634,68,3634,3643
2021-10-27,2618,881,4,1284634,1047,98634,98804, ,0,174,0,1284634,200,3660,3634
2021-10-28,2618,3717,3,1284634,2514,99834,98634, ,9,84,0,1284634,467,4043,3660
2021-10-29,2618,2607,224,1284634,3717,98500,99834, ,16,92,2,1284634,485,4434,4043
2021-11-01,2618,13650,10,1284634,7114,105026,98500, ,9,130,30,1284634,1310,5584,4434
2021-11-02,2618,25052,280,1284634,13824,115974,105026, ,299,280,0,1284634,1542,6846,5584
2021-11-03,2618,9943,286,1284634,15064,110567,115974, ,86,84,5,1284634,291,7048,6846
2021-11-04,2618,16560,2,1284634,16095,111030,110567, ,135,130,0,1284634,667,7585,7048
2021-11-05,2618,6822,6,1284634,10181,107665,111030, ,53,224,13,1284634,711,8059,7585
2021-11-08,2618,32678,0,1284634,15102,125241,107665, ,317,629,0,1284634,3357,10787,8059
2021-11-09,2618,36385,1,1284634,19950,141675,125241, ,778,384,1,1284634,4883,15285,10787
2021-11-10,2618,31889,5,1284634,22638,150921,141675, ,564,1734,10,1284634,5984,19525,15285
2021-11-11,2618,26273,9,1284634,15728,161457,150921, ,893,1904,7,1284634,7346,24960,19525
2021-11-12,2618,26124,16,1284634,22301,165264,161457, ,281,3361,6,1284634,1776,23369,24960
2021-11-15,2618,16473,0,1284634,20989,160748,165264, ,317,1369,4,1284634,4554,26550,23369
2021-11-16,2618,38871,4,1284634,36364,163251,160748, ,1607,3201,6,1284634,7562,30905,26550
2021-11-17,2618,30416,7,1284634,18394,175266,163251, ,519,1009,0,1284634,4891,34787,30905
2021-11-18,2618,23905,0,1284634,25685,173486,175266, ,197,2055,6,1284634,1318,34044,34787
2021-11-19,2618,20846,1,1284634,22898,171433,173486, ,510,3078,34,1284634,1626,32558,34044
2021-11-22,2618,14265,1,1284634,28346,157351,171433, ,226,2250,0,1284634,1065,31373,32558
2021-11-23,2618,17659,104,1284634,24841,150065,157351, ,138,1934,0,1284634,1580,31019,31373
2021-11-24,2618,40841,1,1284634,24878,166027,150065, ,324,2583,101,1284634,4448,32783,31019
2021-11-25,2618,32680,1,1284634,34950,163756,166027, ,562,1240,5,1284634,6084,37622,32783
2021-11-26,2618,29875,5,1284634,43633,149993,163756, ,421,5124,7,1284634,6970,39461,37622
2021-11-29,2618,21475,41,1284634,26224,145203,149993, ,0,11526,25,1284634,131,28041,39461
2021-11-30,2618,29176,5,1284634,13427,160947,145203, ,405,1076,55,1284634,11911,38821,28041
2021-12-01,2618,7721,5,1284634,12541,156122,160947, ,336,3639,115,1284634,3564,38631,38821
2021-12-02,2618,11005,7,1284634,20079,147041,156122, ,266,3103,24,1284634,3453,38957,38631
2021-12-03,2618,11608,12,1284634,7912,150725,147041, ,183,1022,280,1284634,2103,39758,38957
2021-12-06,2618,10857,0,1284634,9733,151849,150725, ,138,1420,320,1284634,2450,40468,39758
2021-12-07,2618,29376,4,1284634,15363,165858,151849, ,461,3182,1292,1284634,3265,39259,40468
2021-12-08,2618,23927,1,1284634,20462,169322,165858, ,365,897,4383,1284634,2695,36674,39259
2021-12-09,2618,41825,0,1284634,26241,184906,169322, ,519,1244,839,1284634,8041,42632,36674
2021-12-10,2618,28892,15,1284634,36210,177573,184906, ,581,2418,1313,1284634,2307,41208,42632
2021-12-13,2618,21845,0,1284634,32773,166645,177573, ,264,3709,2402,1284634,5071,40168,41208
2021-12-14,2618,14816,3,1284634,22478,157510,165175, ,520,3614,476,1284634,4023,37241,37308
2021-12-15,2618,9356,13,1284634,6234,160619,157510, ,202,2239,2626,1284634,2166,35927,38626
2021-12-16,2618,10435,17,1284634,6224,164813,160619, ,156,3658,1952,1284634,1742,32059,35927
2021-12-17,2618,4052,0,1284634,6599,162266,164813, ,159,623,598,1284634,907,31745,32059
2021-12-20,2618,5402,125,1284634,6882,160661,162266, ,79,521,314,1284634,2082,32992,31745
2021-12-21,2618,4915,5,1284634,2996,162575,160661, ,85,1632,55,1284634,368,31673,32992
2021-12-22,2618,4702,4,1284634,4358,162915,162575, ,51,319,1,1284634,402,31755,31673
2021-12-23,2618,2699,2,1284634,5050,160562,162915, ,32,552,82,1284634,246,31367,31755
2021-12-24,2618,14780,4,1284634,7263,168075,160562, ,144,884,373,1284634,302,30412,31367
2021-12-27,2618,8498,30,1284634,7011,169532,168075, ,47,551,0,1284634,1129,30990,30412
2021-12-28,2618,5906,0,1284634,5832,169606,169532, ,10,734,154,1284634,198,30300,30990
2021-12-29,2618,7950,16,1284634,10216,167324,169606, ,88,849,289,1284634,298,29460,30300
2021-12-30,2618,8923,0,1284634,7437,168810,167324, ,83,104,255,1284634,856,29957,29460
2022-01-03,2618,9293,5,1284634,15323,162775,168810, ,76,1449,140,1284634,327,28695,29957
2022-01-04,2618,8805,11,1284634,4267,167302,162775, ,34,422,27,1284634,249,28495,28695
2022-01-05,2618,3563,114,1284634,9169,161582,167302, ,93,207,4,1284634,548,28832,28495
2022-01-06,2618,4213,109,1284634,5369,160317,161582, ,25,278,3,1284634,378,28929,28832
2022-01-07,2618,7624,6,1284634,13950,153985,160317, ,170,1365,0,1284634,2167,29731,28929
2022-01-10,2618,4781,2,1284634,5816,152948,153985, ,86,1212,0,1284634,992,29511,29731
2022-01-11,2618,1834,2,1284634,6012,148768,152948, ,31,658,0,1284634,616,29469,29511
2022-01-12,2618,3648,25,1284634,9832,142559,148768, ,21,1458,8,1284634,2932,30935,29469
2022-01-13,2618,1652,8,1284634,8317,135886,142559, ,54,1122,0,1284634,2540,32353,30935
2022-01-14,2618,2495,125,1296759,4078,134178,135886, ,15,2018,0,1296759,1801,32136,32353
2022-01-17,2618,3652,200,1296759,1703,135927,134178, ,15,2370,16,1296759,2029,31779,32136
2022-01-18,2618,2594,55,1296759,2422,136044,135927, ,14,306,1,1296759,1139,32611,31779
2022-01-19,2618,2021,11,1296759,3842,134212,136044, ,11,1433,30,1296759,2829,33977,32611
2022-01-20,2618,1106,2,1296759,2212,133104,134212, ,38,741,0,1296759,1994,35230,33977
2022-01-21,2618,1816,14,1296759,6981,127925,133104, ,12,2822,50,1296759,2080,34438,35230
2022-01-24,2618,870,207,1296759,7281,121307,127925, ,85,1682,0,1296759,1216,33972,34438
2022-01-25,2618,1912,14,1296759,2783,120422,121307, ,14,1390,1,1296759,477,33058,33972
2022-01-26,2618,1532,91,1296759,2490,119373,120422, ,12,843,105,1296759,318,32428,33058
2022-02-07,2618,23828,0,1296759,4878,138276,119326, ,62,736,0,1296759,2153,33845,32428
2022-02-08,2618,20579,138,1296759,13172,145545,138276, ,324,1444,15,1296759,4345,36731,33845
2022-02-09,2618,23204,0,1296759,16103,152646,145545, ,282,476,2,1296759,4058,40311,36731
2022-02-10,2618,25746,7,1296759,19371,159014,152646, ,176,587,50,1296759,4656,44330,40311
2022-02-11,2618,39632,11,1296759,20174,178461,159014, ,307,752,203,1296759,10034,53409,44330
2022-02-14,2618,23220,0,1296947,22790,178891,178461, ,250,4707,1114,1296947,3198,50786,53409
2022-02-15,2618,42264,0,1296947,31194,189961,178891, ,824,5246,31,1296947,11869,57378,50786
2022-02-16,2618,28641,0,1296947,47614,170988,189961, ,647,3822,159,1296947,3316,56713,57378
2022-02-17,2618,62542,58,1296947,35696,197776,170988, ,1044,3710,4853,1296947,19042,67192,56713
2022-02-18,2618,41476,6,1296947,40645,198601,197776, ,1165,5773,2700,1296947,5472,64191,67192
2022-02-21,2618,32885,0,1296947,48811,182675,198601, ,947,12815,3401,1296947,3880,51855,64191
2022-02-22,2618,45925,38,1296947,27829,200733,182675, ,1264,5891,2224,1296947,9787,53527,51855
2022-02-23,2618,46418,3,1296947,29340,217808,200733, ,808,6318,2966,1296947,13729,57972,53527
2022-02-24,2618,41825,0,1296947,55256,204377,217808, ,1593,13134,637,1296947,5026,49227,57972
2022-02-25,2618,26821,6,1296947,34213,196979,204377, ,1354,4192,747,1296947,3912,48200,49227
2022-03-01,2618,12357,201,1296947,21987,187148,196979, ,554,5880,420,1296947,4639,46539,48200
2022-03-02,2618,17377,211,1296947,21770,182544,187148, ,432,10698,523,1296947,4657,39975,46539
2022-03-03,2618,25936,6,1296947,17395,191079,182544, ,970,4101,2182,1296947,6333,40025,39975
2022-03-04,2618,13841,122,1296947,16197,188601,191079, ,486,4593,266,1296947,3227,38393,40025
2022-03-07,2618,14831,377,1296947,30848,172207,188601, ,316,12413,840,1296947,4103,29243,38393
2022-03-08,2618,11395,67,1296947,24136,159399,172207, ,595,6951,475,1296947,4665,26482,29243
2022-03-09,2618,10372,20,1296947,7467,162284,159399, ,357,2534,266,1296947,1569,25251,26482
2022-03-10,2618,15465,16,1296947,12011,165722,162284, ,449,2516,86,1296947,2344,24993,25251
2022-03-11,2618,10656,114,1296947,6978,169286,165722, ,184,1056,756,1296947,2270,25451,24993
2022-03-14,2618,6850,196,1296947,9238,166702,169286, ,104,1719,1364,1296947,497,22865,25451
2022-03-15,2618,15327,22,1314758,10761,171246,166702, ,629,1416,162,1314758,2335,23622,22865
2022-03-16,2618,22462,3,1314758,17095,176610,171246, ,327,1191,525,1314758,3629,25535,23622
2022-03-17,2618,32080,22,1314758,20471,188197,176610, ,764,3414,9,1314758,5987,28099,25535
2022-03-18,2618,25400,4,1314758,16618,196973,188195, ,433,3650,1241,1314758,4006,27214,28099
2022-03-21,2618,16934,1,1314758,18209,195697,196973, ,170,2676,10,1314758,954,25482,27214
2022-03-22,2618,15943,198,1314758,21990,189452,195697, ,125,7376,714,1314758,894,18286,25482
2022-03-23,2618,10142,5,1314758,11590,187999,189452, ,158,2413,38,1314758,752,16587,18286
2022-03-24,2618,11372,9,1314758,18470,180892,187999,X ,178,7505,1891,1314758,223,7414,16587
2022-03-25,2618,9182,46,1314758,13869,176159,180892,X ,0,4839,2480,1314758,0,95,7414
2022-03-28,2618,5138,355,1314758,5773,175169,176159,X ,0,0,95,1314758,0,0,95
2022-03-29,2618,21067,185,1314758,13850,182201,175169,X ,0,0,0,1314758,0,0,0
2022-03-30,2618,12787,137,1314758,14816,180035,182201, ,0,0,0,1314758,0,0,0
2022-03-31,2618,7013,2,1314758,8711,178335,180035, ,3315,0,0,1314758,3247,3247,0
2022-04-01,2618,14486,5,1314758,10619,182197,178335, ,3485,142,0,1314758,4851,7956,3247
2022-04-06,2618,14082,40,1314758,14627,181612,182197, ,123,389,0,1314758,3195,10762,7956
2022-04-07,2618,18589,0,1314758,18556,181645,181612, ,376,2927,0,1314758,5253,13088,10762
2022-04-08,2618,13541,69,1314758,16105,179012,181645, ,475,691,34,1314758,6061,18424,13088
2022-04-11,2618,19931,3,1314758,11799,187141,179012, ,620,2163,4,1314758,2320,18577,18424
2022-04-12,2618,24823,1,1314758,15454,196509,187141, ,428,1369,0,1314758,4923,22131,18577
2022-04-13,2618,48864,71,1314758,38663,206639,196509, ,1099,2170,0,1314758,9620,29581,22131
2022-04-14,2618,46711,19,1321823,43257,210074,206639, ,819,1596,7,1321823,14544,42522,29581
2022-04-15,2618,36129,100,1321823,29982,216121,210074, ,678,6150,104,1321823,3073,39341,42522
2022-04-18,2618,20612,105,1321823,40030,196598,216121, ,356,10478,3,1321823,3497,32357,39341
2022-04-19,2618,19449,3,1321823,14680,201364,196598, ,267,1494,1,1321823,3959,34821,32357
2022-04-20,2618,14607,21,1321823,19912,196038,201364, ,317,2874,4,1321823,2123,34066,34821
2022-04-21,2618,8178,0,1321823,9077,195139,196038, ,162,2562,0,1321823,1958,33462,34066
2022-04-22,2618,15007,73,1321823,13649,196424,195139, ,851,2123,6,1321823,3423,34756,33462
2022-04-25,2618,17348,12,1321823,19260,194500,196424, ,257,3413,10,1321823,8955,40288,34756
2022-04-26,2618,22828,11,1321823,23450,193867,194500, ,561,4123,49,1321823,1882,37998,40288
2022-04-27,2618,8680,201,1321823,22844,179502,193867, ,205,5443,6,1321823,6871,39420,37998
2022-04-28,2618,7457,100,1321823,8230,178629,179502, ,252,2966,1,1321823,1816,38269,39420
2022-04-29,2618,20467,202,1321823,15793,183101,178629, ,1015,1787,1,1321823,6252,42733,38269
