Date,open,high,low,close,adj close,volume
2019-01-02,226.5,226.5,219.0,219.5,191.67147827148438,32900482
2019-01-03,214.0,218.0,214.0,215.5,188.17857360839844,34087620
2019-01-04,211.5,211.5,206.5,208.0,181.62945556640625,65943521
2019-01-07,212.0,214.0,211.0,213.0,185.99554443359375,35442176
2019-01-08,212.0,212.5,210.0,211.0,184.2490997314453,22694481
2019-01-09,212.0,216.5,211.0,215.5,188.17857360839844,46295446
2019-01-10,216.0,216.5,214.5,216.0,188.61520385742188,20754593
2019-01-11,219.0,220.5,218.0,220.5,192.544677734375,28102288
2019-01-14,218.5,220.0,217.0,218.5,190.79824829101562,17612296
2019-01-15,216.5,221.0,215.5,221.0,192.98126220703125,38882923
2019-01-16,218.5,220.0,217.5,217.5,189.92501831054688,28978282
2019-01-17,218.0,221.0,218.0,220.5,192.544677734375,21163986
2019-01-18,219.0,220.0,217.5,218.5,190.79824829101562,49627569
2019-01-21,220.0,223.0,220.0,221.0,192.98126220703125,29384866
2019-01-22,220.0,223.0,219.0,223.0,194.7277374267578,28926483
2019-01-23,221.5,222.0,220.0,220.5,192.544677734375,16671213
2019-01-24,222.5,222.5,220.5,222.5,194.2911376953125,26417924
2019-01-25,226.5,227.0,225.0,226.0,197.34738159179688,46692764
2019-01-28,229.5,229.5,228.0,229.0,199.967041015625,26026257
2019-01-29,222.5,225.0,222.0,222.5,194.2911376953125,41122520
2019-01-30,220.5,221.5,220.0,221.0,192.98126220703125,44755945
2019-02-11,228.0,229.0,226.5,228.0,199.0938262939453,78307106
2019-02-12,230.0,230.0,229.0,230.0,200.8402557373047,29406670
2019-02-13,232.0,232.0,228.5,229.0,199.967041015625,28634925
2019-02-14,229.5,230.0,226.0,227.0,198.22061157226562,23647751
2019-02-15,229.0,229.0,226.5,227.0,198.22061157226562,22369799
2019-02-18,229.0,230.5,228.5,230.0,200.8402557373047,16978916
2019-02-19,230.0,230.5,229.0,229.0,199.967041015625,16577023
2019-02-20,231.5,234.5,231.0,234.5,204.76974487304688,30479710
2019-02-21,235.5,236.5,234.5,236.5,206.5161590576172,33764489
2019-02-22,235.5,236.5,234.0,236.5,206.5161590576172,22032163
2019-02-25,237.5,239.0,236.0,238.0,207.82601928710938,24105138
2019-02-26,239.0,240.0,236.5,239.5,209.13583374023438,24522789
2019-02-27,238.5,239.5,237.0,239.0,208.69924926757812,35240889
2019-03-04,239.5,239.5,234.5,235.5,205.64297485351562,39655513
2019-03-05,234.0,234.5,232.5,233.0,203.45989990234375,22641407
2019-03-06,235.0,235.5,233.5,234.0,204.33311462402344,20433226
2019-03-07,235.0,235.0,233.0,234.0,204.33311462402344,17126192
2019-03-08,231.0,231.5,229.0,230.0,200.8402557373047,22190659
2019-03-11,228.0,230.5,227.5,230.5,201.27685546875,23200793
2019-03-12,233.0,237.0,232.5,235.5,205.64297485351562,23588085
2019-03-13,234.0,237.0,234.0,237.0,206.95278930664062,20500195
2019-03-14,239.0,239.0,234.0,234.5,204.76974487304688,17175356
2019-03-15,237.0,239.5,235.5,239.0,208.69924926757812,33649729
2019-03-18,239.5,241.0,239.0,241.0,210.44564819335938,26856532
2019-03-19,239.0,240.5,238.0,240.5,210.009033203125,14479009
2019-03-20,242.0,242.0,239.5,242.0,211.3189239501953,22975971
2019-03-21,242.5,245.5,241.0,245.5,214.3751220703125,26179502
2019-03-22,248.0,248.5,244.5,248.5,216.99484252929688,22931467
2019-03-25,240.5,243.5,240.5,241.5,210.88229370117188,19211254
2019-03-26,243.0,244.0,241.0,244.0,213.0653533935547,19920170
2019-03-27,242.0,242.5,240.5,241.5,210.88229370117188,22590089
2019-03-28,240.5,242.5,240.0,242.0,211.3189239501953,13933054
2019-03-29,243.0,245.5,240.5,245.5,214.3751220703125,28220810
2019-04-01,251.0,251.0,245.0,245.5,214.3751220703125,35330656
2019-04-02,249.5,249.5,246.0,246.0,214.811767578125,24105053
2019-04-03,249.0,249.0,246.5,246.5,215.2483673095703,24945323
2019-04-08,251.0,253.0,250.5,253.0,220.9242706298828,45184821
2019-04-09,253.0,254.0,252.0,254.0,221.79750061035156,22355674
2019-04-10,253.0,254.5,252.0,254.0,221.79750061035156,25849934
2019-04-11,253.0,254.0,251.5,252.0,220.0511016845703,24896840
2019-04-12,251.5,253.0,251.0,252.0,220.0511016845703,13548148
2019-04-15,255.0,256.0,254.0,255.5,223.10733032226562,17192002
2019-04-16,257.0,257.0,255.5,257.0,224.41717529296875,19652648
2019-04-17,260.0,263.0,259.5,261.5,228.34661865234375,37864191
2019-04-18,264.0,266.0,263.5,264.5,230.96632385253906,38006795
2019-04-19,269.0,269.5,263.5,264.5,230.96632385253906,44658699
2019-04-22,266.5,267.5,265.0,266.0,232.27615356445312,24967393
2019-04-23,266.5,268.0,266.0,268.0,234.02252197265625,25336847
2019-04-24,270.0,270.0,267.5,269.0,234.8957977294922,26449755
2019-04-25,268.5,269.0,267.0,267.5,233.58595275878906,32386724
2019-04-26,262.0,263.0,257.5,260.0,227.03677368164062,47518804
2019-04-29,260.0,262.0,258.5,259.5,226.6002197265625,31126618
2019-04-30,260.0,260.5,258.0,259.0,226.1636199951172,33799419
2019-05-02,261.5,262.5,258.5,259.0,226.1636199951172,27091394
2019-05-03,262.0,265.0,260.5,265.0,231.40289306640625,29840246
2019-05-06,260.0,260.0,258.0,259.0,226.1636199951172,32823187
2019-05-07,259.5,263.0,259.0,262.5,229.21986389160156,25686126
2019-05-08,260.0,261.5,259.5,260.0,227.03677368164062,25542364
2019-05-09,259.5,259.5,256.0,256.5,223.98056030273438,33587574
2019-05-10,257.0,259.0,255.0,256.0,223.54396057128906,18617212
2019-05-13,253.0,254.0,249.5,250.5,218.7412109375,28284535
2019-05-14,247.5,251.0,245.0,248.5,216.99484252929688,45055708
2019-05-15,251.0,252.0,249.0,249.0,217.43141174316406,36825479
2019-05-16,248.5,249.5,246.0,247.0,215.68496704101562,29713519
2019-05-17,249.0,249.0,241.5,241.5,210.88229370117188,38647856
2019-05-20,242.5,243.0,238.0,238.0,207.82601928710938,39157661
2019-05-21,233.5,236.0,232.5,234.0,204.33311462402344,80042775
2019-05-22,236.5,240.5,235.5,238.0,207.82601928710938,34622034
2019-05-23,233.5,233.5,230.0,230.0,200.8402557373047,58752627
2019-05-24,230.0,234.0,230.0,233.0,203.45989990234375,36000789
2019-05-27,234.0,235.0,231.0,231.0,201.7134552001953,35562033
2019-05-28,232.0,232.0,230.5,230.5,201.27685546875,95240033
2019-05-29,228.0,230.5,227.0,229.5,200.40362548828125,26533236
2019-05-30,230.0,231.5,229.0,231.0,201.7134552001953,28500328
2019-05-31,232.0,237.5,231.0,235.5,205.64297485351562,46070338
2019-06-03,235.5,238.5,232.0,238.0,207.82601928710938,31054092
2019-06-04,237.5,238.0,233.0,233.0,203.45989990234375,24443428
2019-06-05,238.0,238.0,234.0,235.0,205.20635986328125,29139584
2019-06-06,231.5,232.0,229.5,232.0,202.58668518066406,34651731
2019-06-10,237.5,240.0,234.5,240.0,209.5724334716797,35373888
2019-06-11,240.0,246.0,239.0,244.5,213.50193786621094,31965670
2019-06-12,244.5,247.5,243.0,246.0,214.811767578125,29675556
2019-06-13,242.5,244.0,240.0,240.0,209.5724334716797,32981724
2019-06-14,238.5,239.5,236.0,236.0,206.07958984375,31951556
2019-06-17,231.5,235.0,230.5,233.0,203.45989990234375,51017012
2019-06-18,234.0,235.5,233.0,235.5,205.64297485351562,28578087
2019-06-19,242.5,244.0,240.5,244.0,213.0653533935547,50164372
2019-06-20,242.0,245.5,241.0,245.0,213.9385223388672,37836291
2019-06-21,248.0,248.5,246.0,248.5,216.99484252929688,61164304
2019-06-24,241.0,242.0,240.0,241.0,217.4459228515625,43300507
2019-06-25,241.0,241.5,237.0,238.5,215.1902618408203,28559283
2019-06-26,235.0,236.5,234.0,234.5,211.5812225341797,27607041
2019-06-27,236.0,241.5,236.0,240.5,216.99478149414062,42007834
2019-06-28,241.5,241.5,238.0,239.0,215.6414337158203,25962203
2019-07-01,245.5,250.0,245.0,248.5,224.2129669189453,66307875
2019-07-02,249.5,250.0,247.5,249.0,224.6640625,24181202
2019-07-03,244.0,245.0,242.0,242.5,218.79931640625,29449774
2019-07-04,244.5,245.0,242.5,244.0,220.15277099609375,17481240
2019-07-05,244.5,245.0,241.5,243.0,219.25047302246094,22867074
2019-07-08,240.0,244.5,240.0,242.5,218.79931640625,27787909
2019-07-09,241.5,243.0,240.5,242.0,218.34825134277344,16418987
2019-07-10,243.0,247.0,243.0,247.0,222.85952758789062,23812131
2019-07-11,250.0,250.0,247.5,250.0,225.56631469726562,31160289
2019-07-12,252.0,252.0,249.5,250.5,226.01742553710938,23479432
2019-07-15,251.0,254.5,249.5,254.5,229.62655639648438,29727300
2019-07-16,254.0,256.5,253.5,256.0,230.9799346923828,21361249
2019-07-17,254.0,254.0,251.0,252.0,227.3708953857422,25573648
2019-07-18,252.0,254.5,251.5,254.0,229.17538452148438,20842575
2019-07-19,259.5,261.0,259.0,259.0,233.68673706054688,59709798
2019-07-22,263.0,264.0,262.0,264.0,238.19805908203125,31522639
2019-07-23,265.5,266.5,262.5,264.0,238.19805908203125,29273223
2019-07-24,266.5,266.5,263.0,265.0,239.1002960205078,23734039
2019-07-25,264.0,265.0,261.5,265.0,239.1002960205078,30433545
2019-07-26,261.0,262.5,261.0,261.0,235.49122619628906,20438071
2019-07-29,260.0,262.0,259.5,261.0,235.49122619628906,17509320
2019-07-30,262.5,263.0,260.0,260.0,234.5889434814453,22670612
2019-07-31,260.0,260.0,257.0,259.5,234.1378631591797,31635601
2019-08-01,257.5,257.5,255.5,256.5,231.43106079101562,30017526
2019-08-02,252.0,253.5,250.5,251.5,226.91976928710938,54021644
2019-08-05,251.0,252.0,245.5,246.5,222.4084014892578,51535721
2019-08-06,240.0,250.0,240.0,248.5,224.2129669189453,58625879
2019-08-07,250.0,250.5,246.5,248.0,223.76177978515625,29435460
2019-08-08,248.0,254.0,248.0,253.5,228.72425842285156,29725266
2019-08-12,254.5,254.5,251.0,251.0,226.46861267089844,21794603
2019-08-13,249.0,249.5,246.5,246.5,222.4084014892578,23121107
2019-08-14,252.5,254.0,249.5,249.5,225.11520385742188,35216703
2019-08-15,247.0,248.5,246.0,248.0,223.76177978515625,27624412
2019-08-16,249.5,252.0,248.0,250.0,225.56631469726562,25370715
2019-08-19,251.5,253.0,250.5,252.0,227.3708953857422,24060514
2019-08-20,254.0,254.5,252.5,254.5,229.62655639648438,19960494
2019-08-21,254.5,255.0,253.0,254.5,229.62655639648438,20269296
2019-08-22,257.0,257.5,254.0,254.0,229.17538452148438,21900840
2019-08-23,253.5,254.5,253.0,254.0,229.17538452148438,14166877
2019-08-26,249.0,250.5,248.5,248.5,224.2129669189453,31678620
2019-08-27,250.5,251.0,248.5,250.0,225.56631469726562,50234951
2019-08-28,250.5,253.0,250.5,252.0,227.3708953857422,15132882
2019-08-29,253.0,254.0,251.0,254.0,229.17538452148438,19587767
2019-08-30,256.5,259.0,256.0,259.0,233.68673706054688,35184201
2019-09-02,258.0,258.0,256.0,257.5,232.33328247070312,14614854
2019-09-03,256.5,258.0,253.0,254.0,229.17538452148438,25762495
2019-09-04,254.0,258.0,254.0,257.5,232.33328247070312,22540733
2019-09-05,263.0,263.0,260.5,263.0,237.29580688476562,48791728
2019-09-06,265.0,265.0,263.0,263.5,237.74688720703125,25408515
2019-09-10,263.5,264.0,260.5,261.5,235.94235229492188,29308866
2019-09-11,264.0,264.5,260.5,263.0,237.29580688476562,36196015
2019-09-12,265.0,265.0,261.5,262.5,236.8446502685547,26017293
2019-09-16,262.0,265.5,261.5,265.5,239.55140686035156,32573966
2019-09-17,266.5,266.5,264.5,265.0,239.1002960205078,27600844
2019-09-18,267.0,269.5,266.5,267.0,240.90476989746094,47684759
2019-09-19,268.0,268.0,264.0,265.0,240.9048309326172,25233567
2019-09-20,266.0,266.5,264.0,264.0,239.99575805664062,43868865
2019-09-23,264.0,264.0,263.0,264.0,239.99575805664062,13093208
2019-09-24,263.5,265.5,262.0,265.0,240.9048309326172,24244943
2019-09-25,262.5,266.0,262.0,266.0,241.8139190673828,21003163
2019-09-26,269.0,269.5,266.5,268.0,243.63201904296875,29940103
2019-09-27,271.5,272.5,271.0,272.0,247.26837158203125,41235817
2019-10-01,273.0,280.5,273.0,280.0,254.54092407226562,71743890
2019-10-02,280.0,281.0,279.0,279.5,254.08642578125,29295953
2019-10-03,274.0,277.5,274.0,276.5,251.35923767089844,31890864
2019-10-04,279.5,280.0,275.0,276.5,251.35923767089844,35169613
2019-10-07,279.0,279.5,277.5,278.0,252.7228240966797,17510230
2019-10-08,283.5,286.5,282.5,286.5,260.4499206542969,35278551
2019-10-09,283.5,286.0,282.0,282.0,256.359130859375,34777456
2019-10-14,291.5,291.5,288.5,290.0,263.6317138671875,46683517
2019-10-15,293.5,296.0,292.0,293.5,266.8134460449219,38018567
2019-10-16,298.0,298.0,293.5,296.5,269.540771484375,40297144
2019-10-17,295.0,295.5,292.0,293.5,266.8134460449219,40271938
2019-10-18,293.0,295.5,291.0,293.0,266.3589782714844,45102984
2019-10-21,291.0,291.0,288.5,290.0,263.6317138671875,34634365
2019-10-22,292.5,294.0,291.5,294.0,267.2679443359375,26005020
2019-10-23,293.5,293.5,290.5,293.0,266.3589782714844,28675408
2019-10-24,294.5,294.5,291.0,293.0,266.3589782714844,29040827
2019-10-25,294.5,294.5,292.5,293.5,266.8134460449219,22682711
2019-10-28,295.0,295.5,294.0,294.5,267.7225036621094,20076561
2019-10-29,297.0,298.5,296.5,298.5,271.3588562011719,36682131
2019-10-30,298.5,299.5,296.5,299.5,272.2679138183594,32370342
2019-10-31,300.0,301.5,298.5,298.5,271.3588562011719,40944514
2019-11-01,299.5,299.5,296.5,299.0,271.81341552734375,30121678
2019-11-04,302.5,308.0,301.0,307.0,279.0859680175781,44899671
2019-11-05,307.5,310.5,307.0,310.5,282.2676696777344,32201184
2019-11-06,309.0,311.5,308.0,311.0,282.7223205566406,22149743
2019-11-07,310.0,310.0,306.5,309.0,280.90411376953125,28291659
2019-11-08,308.5,309.0,305.5,305.5,277.72235107421875,25651542
2019-11-11,305.0,305.0,300.0,301.0,273.6315002441406,35165583
2019-11-12,302.5,305.0,302.0,305.0,277.2678527832031,17540708
2019-11-13,303.0,304.0,301.5,304.0,276.3587951660156,18172438
2019-11-14,304.5,305.0,302.0,303.5,275.9042053222656,15734835
2019-11-15,305.5,307.5,304.5,307.0,279.0859680175781,28848445
2019-11-18,308.5,311.0,307.0,311.0,282.7223205566406,18691325
2019-11-19,312.5,315.0,311.0,315.0,286.35858154296875,31634197
2019-11-20,314.0,314.0,312.0,313.5,284.9949645996094,22387973
2019-11-21,309.5,311.0,307.0,311.0,282.7223205566406,28108833
2019-11-22,310.0,310.5,308.0,309.0,280.90411376953125,24737984
2019-11-25,310.5,310.5,307.0,307.0,279.0859680175781,19530177
2019-11-26,310.0,310.5,307.0,307.0,279.0859680175781,101224622
2019-11-27,307.5,311.5,307.5,311.0,282.7223205566406,18467648
2019-11-28,310.0,312.0,308.5,309.5,281.35870361328125,19077982
2019-11-29,309.0,309.5,305.0,305.0,277.2678527832031,30963561
2019-12-02,307.0,308.0,306.5,307.5,279.54052734375,24016807
2019-12-03,305.0,307.0,305.0,307.0,279.0859680175781,24690319
2019-12-04,305.0,306.0,304.0,306.0,278.1769714355469,25492686
2019-12-05,309.0,312.0,309.0,312.0,283.63134765625,34521842
2019-12-06,315.0,316.0,311.0,313.0,284.5403747558594,17695703
2019-12-09,314.0,316.5,314.0,316.0,287.26763916015625,23256081
2019-12-10,315.0,315.5,312.5,313.5,284.9949645996094,20570594
2019-12-11,314.0,319.0,313.0,319.0,289.9949035644531,31223148
2019-12-12,325.0,334.5,324.0,331.5,301.35833740234375,52742851
2019-12-13,340.0,343.0,338.0,339.0,308.17633056640625,58198939
2019-12-16,336.5,338.5,336.0,336.0,305.44915771484375,102188
2019-12-17,335.0,345.0,335.0,345.0,313.630859375,40813458
2019-12-18,341.5,345.0,341.5,344.5,313.1763000488281,39682841
2019-12-19,340.0,342.0,335.0,335.0,306.7662353515625,54888012
2019-12-20,332.0,333.0,328.5,329.0,301.27191162109375,86280459
2019-12-23,329.5,334.0,329.5,334.0,305.85052490234375,26639340
2019-12-24,334.0,334.5,332.0,332.0,304.01910400390625,13488907
2019-12-25,332.0,334.5,331.0,333.0,304.9347839355469,12262954
2019-12-26,333.0,334.0,331.5,333.0,304.9347839355469,11427884
2019-12-27,335.0,338.0,335.0,338.0,309.5133972167969,16677806
2019-12-30,338.0,339.0,334.0,334.5,306.308349609375,21531263
2019-12-31,331.0,333.5,331.0,331.0,303.1033935546875,22890517
2020-01-02,332.5,339.0,332.5,339.0,310.4290771484375,31754120
2020-01-03,344.0,345.0,335.5,339.5,310.8869323730469,41811268
2020-01-06,333.0,334.5,332.0,332.0,304.01910400390625,45343057
2020-01-07,332.5,333.0,326.5,329.5,301.7297668457031,50879181
2020-01-08,325.0,333.0,325.0,329.5,301.7297668457031,37567748
2020-01-09,335.0,337.5,333.5,337.5,309.0555419921875,31481504
2020-01-10,340.5,341.0,336.0,339.5,310.8869323730469,27032115
2020-01-13,342.0,342.0,339.0,341.5,312.7183837890625,30663332
2020-01-14,345.5,346.0,344.5,346.0,316.8392028808594,30223993
2020-01-15,345.0,345.0,337.5,340.0,311.34478759765625,47434274
2020-01-16,330.0,336.5,330.0,334.5,306.308349609375,55211420
2020-01-17,334.0,335.5,332.0,333.0,304.9347839355469,52060097
2020-01-20,334.0,335.5,333.0,333.0,304.9347839355469,32658203
2020-01-30,326.0,326.0,316.5,316.5,289.82537841796875,125451049
2020-01-31,323.0,323.5,319.0,320.0,293.0304870605469,62526055
2020-02-03,315.0,316.5,312.0,315.0,288.4518127441406,59560849
2020-02-04,336.5,337.0,325.0,325.0,297.60906982421875,51890496
2020-02-05,329.0,329.5,324.5,327.5,299.89837646484375,36601453
2020-02-06,329.5,332.5,329.0,332.5,304.4768981933594,29267094
2020-02-07,330.0,330.5,326.0,328.0,300.356201171875,28798327
2020-02-10,321.5,328.0,321.0,327.5,299.89837646484375,30632424
2020-02-11,330.5,332.5,330.0,331.5,303.561279296875,27524935
2020-02-12,333.5,336.0,333.0,335.0,306.7662353515625,37612639
2020-02-13,338.0,338.0,335.0,335.0,306.7662353515625,22757021
2020-02-14,337.0,337.0,334.5,335.0,306.7662353515625,16933683
2020-02-17,331.5,333.0,330.5,331.5,303.561279296875,15937079
2020-02-18,324.5,326.5,322.0,322.0,294.86187744140625,61825604
2020-02-19,322.5,327.0,322.0,326.5,298.9825744628906,38781218
2020-02-20,328.0,329.0,325.0,325.5,298.06695556640625,27011736
2020-02-21,325.5,326.5,323.0,325.0,297.60906982421875,22813534
2020-02-24,319.5,321.5,319.5,320.0,293.0304870605469,41693680
2020-02-25,320.0,323.5,317.5,322.0,294.86187744140625,36195011
2020-02-26,317.0,320.5,316.5,318.5,291.6568603515625,60479362
2020-02-27,319.0,320.0,315.0,316.0,289.3675537109375,61250927
2020-03-02,308.0,317.0,308.0,311.0,284.7889709472656,79912942
2020-03-03,318.5,320.0,316.0,317.5,290.74114990234375,49679411
2020-03-04,322.0,322.0,317.0,320.5,293.48834228515625,42941146
2020-03-05,325.0,326.0,323.0,323.0,295.7776184082031,37861525
2020-03-06,320.0,320.5,315.0,315.0,288.4518127441406,51546760
2020-03-09,307.5,310.0,305.5,305.5,279.7524719238281,87871277
2020-03-10,301.5,309.0,301.0,307.0,281.1260681152344,71950130
2020-03-11,309.0,310.5,302.0,302.0,276.5474548339844,62216710
2020-03-12,299.0,299.0,287.0,294.0,269.22161865234375,113527351
2020-03-13,275.0,294.0,272.5,290.0,265.558837890625,149995148
2020-03-16,285.0,291.0,275.5,276.5,253.19664001464844,103873228
2020-03-17,265.0,276.5,265.0,268.0,245.41293334960938,121323651
2020-03-18,269.5,272.5,260.0,260.0,238.08721923828125,117437643
2020-03-19,252.0,253.0,235.5,248.0,229.3034210205078,160811697
2020-03-20,258.5,270.0,256.0,270.0,249.64488220214844,157664726
2020-03-23,257.0,262.5,252.0,255.0,235.77569580078125,76466709
2020-03-24,268.0,274.0,266.0,267.5,247.33334350585938,81952933
2020-03-25,276.5,280.0,274.0,277.0,256.1171569824219,79447199
2020-03-26,279.5,280.0,275.5,280.0,258.89093017578125,52845633
2020-03-27,284.0,286.0,273.0,273.0,252.41868591308594,68752306
2020-03-30,263.5,269.0,262.5,267.5,247.33334350585938,49159956
2020-03-31,273.0,274.0,269.5,274.0,253.34326171875,48837923
2020-04-01,276.5,276.5,271.5,271.5,251.0317840576172,44515034
2020-04-06,273.0,275.5,270.0,275.5,254.73023986816406,56392754
2020-04-07,283.5,284.0,280.5,283.0,261.664794921875,48787346
2020-04-08,285.0,285.5,283.0,285.0,263.5140075683594,37912826
2020-04-09,287.5,288.0,282.5,283.0,261.664794921875,27620430
2020-04-10,280.0,282.0,279.0,279.5,258.42864990234375,27252858
2020-04-13,278.5,281.5,278.5,278.5,257.5040283203125,22196596
2020-04-14,281.0,285.5,280.0,285.0,263.5140075683594,48809688
2020-04-15,287.0,288.5,286.0,287.5,265.8255310058594,55216434
2020-04-16,283.0,288.5,283.0,286.5,264.9009094238281,47815280
2020-04-17,303.5,308.5,300.5,306.5,283.3932189941406,116368201
2020-04-20,308.0,309.0,302.5,304.0,281.0816345214844,41381669
2020-04-21,300.5,301.5,293.5,295.0,272.7601318359375,61479357
2020-04-22,294.5,295.0,290.5,294.0,271.8354187011719,42192580
2020-04-23,300.0,300.0,294.0,295.5,273.222412109375,39474478
2020-04-24,295.5,297.0,294.0,294.0,271.8354187011719,26008090
2020-04-27,298.0,298.5,296.0,298.0,275.5339660644531,38493406
2020-04-28,298.5,298.5,294.5,296.5,274.1470947265625,37395165
2020-04-29,299.0,301.5,298.0,299.0,276.4585876464844,44059301
2020-04-30,302.0,305.0,301.5,304.5,281.5439147949219,55126085
2020-05-04,294.5,296.5,294.0,295.0,272.7601318359375,71581861
2020-05-05,296.5,298.0,295.0,295.5,273.222412109375,23547405
2020-05-06,294.5,296.0,292.5,296.0,273.6846923828125,34240479
2020-05-07,294.5,299.0,294.5,297.5,275.0716247558594,27621198
2020-05-08,300.0,300.0,296.0,297.5,275.0716247558594,32295893
2020-05-11,300.0,301.5,298.5,301.0,278.30780029296875,28727019
2020-05-12,297.5,298.5,295.0,295.0,272.7601318359375,52089788
2020-05-13,293.0,297.0,292.5,297.0,274.609375,26156418
2020-05-14,293.0,295.0,292.5,293.0,270.91094970703125,34315948
2020-05-15,297.5,298.5,294.5,298.0,275.5339660644531,42494804
2020-05-18,291.0,293.5,290.0,290.0,268.1370544433594,84986065
2020-05-19,294.0,294.0,291.5,291.5,269.5240478515625,51250214
2020-05-20,293.0,294.0,291.0,294.0,271.8354187011719,32677994
2020-05-21,296.0,298.0,295.0,297.5,275.0716247558594,30997468
2020-05-22,294.5,295.0,291.0,292.0,269.986328125,40192923
2020-05-25,290.5,293.0,288.5,292.0,269.986328125,26803223
2020-05-26,295.0,297.5,293.5,295.5,273.222412109375,33856481
2020-05-27,297.0,298.0,295.5,296.5,274.1470947265625,23375959
2020-05-28,298.5,298.5,293.0,294.0,271.8354187011719,28444568
2020-05-29,292.0,292.5,290.0,292.0,269.986328125,79774181
2020-06-01,294.0,296.5,293.5,295.5,273.222412109375,35811214
2020-06-02,296.0,297.5,296.0,296.5,274.1470947265625,24771587
2020-06-03,300.0,301.0,298.0,301.0,278.30780029296875,65176337
2020-06-04,305.0,306.0,304.0,306.0,282.9308776855469,46572451
2020-06-05,308.5,312.0,308.0,311.5,288.0162353515625,42981262
2020-06-08,316.0,319.0,315.0,318.0,294.0262145996094,50302921
2020-06-09,316.5,319.0,314.0,319.0,294.9507751464844,36417082
2020-06-10,319.0,324.0,318.0,322.5,298.1869201660156,39984259
2020-06-11,325.5,327.0,318.5,320.5,296.3377380371094,50104255
2020-06-12,313.0,317.5,312.5,316.0,292.17694091796875,45992918
2020-06-15,316.0,317.5,308.5,309.5,286.1669921875,51032404
2020-06-16,317.0,317.0,314.0,315.0,291.2523193359375,36608216
2020-06-17,316.5,317.0,313.5,315.0,291.2523193359375,34522968
2020-06-18,314.5,315.0,313.0,314.5,293.1163635253906,29044474
2020-06-19,314.0,314.5,312.0,314.5,293.1163635253906,48130280
2020-06-22,314.5,316.5,312.0,312.0,290.7863464355469,37374616
2020-06-23,316.0,316.5,312.5,315.0,293.58233642578125,41300084
2020-06-24,319.0,320.0,316.0,317.5,295.9124450683594,54147024
2020-06-29,314.0,315.0,310.0,312.0,290.7863464355469,56580892
2020-06-30,313.5,314.0,311.0,313.0,291.71832275390625,48991860
2020-07-01,315.0,318.0,314.0,317.5,295.9124450683594,29532342
2020-07-02,319.0,322.0,318.0,322.0,300.1064147949219,34526178
2020-07-03,327.0,330.5,326.5,329.5,307.09649658203125,53341987
2020-07-06,332.5,338.0,332.0,338.0,315.0185546875,57256220
2020-07-07,343.5,346.0,338.0,338.5,315.48455810546875,59046323
2020-07-08,337.5,342.5,337.5,341.0,317.81451416015625,30720218
2020-07-09,346.0,347.0,343.0,345.0,321.5426025390625,35522376
2020-07-10,352.5,353.0,345.5,348.5,324.8045654296875,60902108
2020-07-13,351.0,354.5,350.5,354.5,330.3966369628906,48069523
2020-07-14,355.0,364.0,354.5,363.5,338.7846984863281,61764150
2020-07-15,366.0,370.0,361.0,363.0,338.3187561035156,73438362
2020-07-16,359.0,361.0,353.5,357.5,333.1927185058594,68220512
2020-07-17,361.0,369.0,360.0,367.0,342.04681396484375,65727485
2020-07-20,370.0,370.0,362.5,366.0,341.11474609375,42769238
2020-07-21,372.5,387.0,371.5,383.0,356.9588928222656,64219128
2020-07-22,381.0,386.0,379.0,384.0,357.890869140625,43759670
2020-07-23,382.0,383.0,379.0,381.5,355.56085205078125,45209282
2020-07-24,390.0,395.0,382.0,386.0,359.7549133300781,86682734
2020-07-27,420.5,424.5,416.5,424.5,395.6371765136719,99333798
2020-07-28,464.0,466.5,428.5,435.0,405.4232482910156,166307746
2020-07-29,428.0,431.5,419.5,422.0,393.3071594238281,85663166
2020-07-30,436.5,441.0,428.5,434.0,404.49127197265625,69293949
2020-07-31,426.0,432.0,425.5,425.5,396.5692443847656,49897674
2020-08-03,420.5,424.0,415.0,416.0,387.715087890625,76429571
2020-08-04,421.5,425.5,418.5,425.5,396.5692443847656,41223445
2020-08-05,430.5,433.5,426.0,429.0,399.8312072753906,47223834
2020-08-06,437.5,438.0,431.0,435.0,405.4232482910156,41029627
2020-08-07,433.5,434.0,428.0,433.0,403.5591735839844,36589460
2020-08-10,427.5,437.5,427.5,435.5,405.8892517089844,36067500
2020-08-11,432.0,435.0,429.0,429.0,399.8312072753906,34545313
2020-08-12,422.0,423.5,419.0,419.0,390.5111389160156,52143474
2020-08-13,428.0,429.0,424.5,429.0,399.8312072753906,44352335
2020-08-14,424.0,428.0,423.0,427.0,397.9672546386719,23419955
2020-08-17,427.0,435.0,425.5,435.0,405.4232482910156,34137731
2020-08-18,440.0,440.5,432.0,433.0,403.5591735839844,41643160
2020-08-19,436.0,436.5,427.5,427.5,398.4331970214844,31486800
2020-08-20,427.0,427.5,401.0,415.0,386.7831115722656,75097235
2020-08-21,421.5,427.0,420.0,424.5,395.6371765136719,41609467
2020-08-24,427.5,434.5,425.0,428.0,398.89923095703125,48375406
2020-08-25,433.5,436.0,430.5,434.5,404.9573059082031,35977899
2020-08-26,435.5,442.0,435.0,442.0,411.947265625,39243340
2020-08-27,448.0,453.5,444.0,444.0,413.8113098144531,53072712
2020-08-28,440.0,440.5,431.0,435.0,405.4232482910156,56842210
2020-08-31,437.0,439.5,426.5,426.5,397.5011901855469,81480538
2020-09-01,430.0,435.0,428.0,435.0,405.4232482910156,37429577
2020-09-02,441.0,441.0,430.5,433.0,403.5591735839844,34871407
2020-09-03,439.5,439.5,433.5,436.0,406.35528564453125,34951617
2020-09-04,427.0,432.5,427.0,429.0,399.8312072753906,46119911
2020-09-07,428.0,432.5,425.0,426.0,397.03521728515625,32019312
2020-09-08,428.0,433.0,427.5,431.0,401.6951904296875,23714670
2020-09-09,425.0,428.0,423.0,427.0,397.9672546386719,40551362
2020-09-10,432.5,435.0,430.5,435.0,405.4232482910156,35098921
2020-09-11,435.5,436.5,432.5,436.5,406.8212890625,34298469
2020-09-14,436.0,442.0,435.5,441.0,411.01531982421875,39085833
2020-09-15,440.5,447.0,439.5,445.0,414.7433166503906,39061449
2020-09-16,460.0,462.0,455.5,458.0,426.8594665527344,64261238
2020-09-17,453.0,455.0,446.5,448.5,420.2995910644531,42058506
2020-09-18,447.0,449.5,443.0,444.0,416.0825500488281,52454922
2020-09-21,443.5,450.0,440.0,440.0,412.33404541015625,39463920
2020-09-22,440.0,441.0,436.0,437.0,409.522705078125,36130639
2020-09-23,436.0,438.5,432.0,433.5,406.24273681640625,45710963
2020-09-24,425.5,429.0,423.0,423.0,396.4029541015625,79806381
2020-09-25,427.0,428.0,421.0,424.0,397.34002685546875,38775269
2020-09-28,427.0,431.5,424.5,431.5,404.3684387207031,34156973
2020-09-29,432.5,435.0,428.0,431.0,403.8998718261719,32230502
2020-09-30,430.5,435.0,430.5,433.0,405.7741394042969,27334204
2020-10-05,438.0,438.0,431.5,432.5,405.3055725097656,32945832
2020-10-06,441.5,442.0,437.5,439.5,411.865478515625,35775395
2020-10-07,435.0,445.0,435.0,443.0,415.14544677734375,42926239
2020-10-08,450.0,454.0,448.5,453.0,424.5166320800781,60853811
2020-10-12,458.0,462.0,457.5,460.0,431.0764465332031,64719223
2020-10-13,465.0,465.0,456.5,462.0,432.95074462890625,45750738
2020-10-14,460.5,461.0,457.0,459.0,430.13934326171875,40809241
2020-10-15,456.0,456.5,450.0,453.0,424.5166320800781,47775028
2020-10-16,451.0,456.0,448.5,449.0,420.7682189941406,46876801
2020-10-19,453.0,457.5,451.0,457.5,428.73370361328125,34470906
2020-10-20,455.5,457.0,451.0,451.0,422.64239501953125,25205638
2020-10-21,453.5,456.0,451.0,453.0,424.5166320800781,28058921
2020-10-22,450.0,455.0,449.5,455.0,426.390869140625,23438547
2020-10-23,458.0,458.0,451.5,452.0,423.5794982910156,18777385
2020-10-26,455.0,455.0,450.0,450.0,421.70526123046875,15059581
2020-10-27,447.5,448.5,445.5,447.0,418.8939514160156,20117660
2020-10-28,445.0,447.0,443.0,444.0,416.0825500488281,24710230
2020-10-29,436.5,439.5,435.5,437.0,409.522705078125,41285612
2020-10-30,437.0,437.0,432.0,432.0,404.8370666503906,47668895
2020-11-02,433.0,435.5,428.0,435.5,408.1169738769531,33477443
2020-11-03,439.5,443.0,438.0,441.0,413.2711486816406,30328495
2020-11-04,444.5,451.5,443.0,450.0,421.70526123046875,37512790
2020-11-05,451.5,451.5,445.5,451.0,422.64239501953125,34886108
2020-11-06,455.0,455.5,450.0,452.5,424.0480651855469,30154140
2020-11-09,458.0,460.0,454.0,458.5,429.67083740234375,39245881
2020-11-10,452.0,454.5,448.5,451.0,422.64239501953125,34820499
2020-11-11,448.5,457.0,448.5,457.0,428.26513671875,36765561
2020-11-12,463.0,463.5,457.5,458.0,429.2022399902344,40100880
2020-11-13,459.0,462.0,456.5,462.0,432.95074462890625,31037438
2020-11-16,470.0,484.5,469.0,484.0,453.5674743652344,81994937
2020-11-17,502.0,506.0,485.5,485.5,454.97314453125,72413868
2020-11-18,490.0,497.0,486.5,497.0,465.7500915527344,50387727
2020-11-19,499.0,499.0,490.0,490.0,459.1901550292969,44220053
2020-11-20,486.0,490.0,486.0,488.0,457.31591796875,32281453
2020-11-23,494.5,498.5,492.0,496.5,465.281494140625,38084006
2020-11-24,499.5,500.0,491.5,492.0,461.0644226074219,35479226
2020-11-25,495.0,495.5,487.0,487.0,456.3788146972656,41419632
2020-11-26,489.0,493.5,488.0,489.0,458.25311279296875,28893033
2020-11-27,487.5,492.0,486.5,489.0,458.25311279296875,32960189
2020-11-30,493.0,493.5,480.5,480.5,450.2874755859375,119895176
2020-12-01,489.5,490.0,483.5,490.0,459.1901550292969,37018651
2020-12-02,499.5,500.0,493.5,499.0,467.624267578125,50621339
2020-12-03,499.5,499.5,495.0,497.0,465.7500915527344,35651379
2020-12-04,498.5,505.0,497.5,503.0,471.372802734375,51172005
2020-12-07,512.0,515.0,506.0,514.0,481.68115234375,44271244
2020-12-08,514.0,525.0,509.0,524.0,491.0523681640625,40771761
2020-12-09,521.0,524.0,520.0,520.0,487.3038024902344,43314115
2020-12-10,511.0,515.0,510.0,512.0,479.806884765625,42556926
2020-12-11,517.0,517.0,505.0,516.0,483.5553894042969,45660960
2020-12-14,512.0,513.0,508.0,508.0,476.05841064453125,30260485
2020-12-15,507.0,510.0,504.0,504.0,472.3099060058594,39852366
2020-12-16,509.0,515.0,507.0,512.0,479.806884765625,52012348
2020-12-17,515.0,515.0,508.0,508.0,478.3942565917969,38215179
2020-12-18,508.0,512.0,507.0,510.0,480.2777404785156,39924864
2020-12-21,512.0,517.0,508.0,516.0,485.9280090332031,34813281
2020-12-22,512.0,516.0,509.0,509.0,479.3360290527344,22454277
2020-12-23,508.0,511.0,506.0,509.0,479.3360290527344,18086715
2020-12-24,511.0,512.0,508.0,510.0,480.2777404785156,14950143
2020-12-25,514.0,515.0,510.0,511.0,481.2194519042969,12327895
2020-12-28,512.0,515.0,509.0,515.0,484.9862976074219,19087382
2020-12-29,515.0,517.0,513.0,515.0,484.9862976074219,19907528
2020-12-30,516.0,525.0,514.0,525.0,494.4035949707031,46292401
2020-12-31,526.0,530.0,524.0,530.0,499.11212158203125,29970398
2021-01-04,530.0,540.0,528.0,536.0,504.7624816894531,38770328
2021-01-05,536.0,542.0,535.0,542.0,510.4129638671875,34411866
2021-01-06,555.0,555.0,541.0,549.0,517.0048217773438,53030554
2021-01-07,554.0,570.0,553.0,565.0,532.0723876953125,51166782
2021-01-08,580.0,580.0,571.0,580.0,546.1983032226562,59563555
2021-01-11,577.0,584.0,574.0,584.0,549.9651489257812,48810990
2021-01-12,583.0,597.0,582.0,591.0,556.5570678710938,50232426
2021-01-13,595.0,605.0,593.0,605.0,569.7411499023438,62662393
2021-01-14,587.0,597.0,587.0,592.0,557.4989013671875,75288477
2021-01-15,621.0,625.0,601.0,601.0,565.9744873046875,92010500
2021-01-18,608.0,608.0,594.0,607.0,571.624755859375,45726476
2021-01-19,618.0,632.0,613.0,627.0,590.4591064453125,50672866
2021-01-20,633.0,650.0,631.0,647.0,609.2936401367188,82066422
2021-01-21,640.0,679.0,640.0,673.0,633.7783203125,89019137
2021-01-22,649.0,665.0,649.0,649.0,611.1768798828125,125179403
2021-01-25,642.0,646.0,626.0,633.0,596.1094970703125,93050133
2021-01-26,632.0,640.0,610.0,617.0,581.0418090820312,100153482
2021-01-27,618.0,625.0,611.0,615.0,579.158447265625,59985191
2021-01-28,600.0,608.0,598.0,601.0,565.9744873046875,96447533
2021-01-29,619.0,619.0,591.0,591.0,556.5570678710938,90745237
2021-02-01,595.0,612.0,587.0,611.0,575.3916015625,67462398
2021-02-02,629.0,638.0,622.0,632.0,595.1676635742188,78429188
2021-02-03,638.0,642.0,630.0,630.0,593.2842407226562,48738970
2021-02-04,626.0,632.0,620.0,627.0,590.4591064453125,46371900
2021-02-05,638.0,641.0,631.0,632.0,595.1676635742188,53267273
2021-02-17,663.0,668.0,660.0,663.0,624.3611450195312,107614290
2021-02-18,664.0,665.0,656.0,660.0,621.535888671875,53109010
2021-02-19,656.0,657.0,647.0,652.0,614.0020751953125,50279585
2021-02-22,660.0,662.0,650.0,650.0,612.1187744140625,36474610
2021-02-23,641.0,643.0,633.0,641.0,603.643310546875,50076333
2021-02-24,627.0,636.0,625.0,625.0,588.57568359375,66206750
2021-02-25,636.0,636.0,628.0,635.0,597.9928588867188,43231417
2021-02-26,611.0,618.0,606.0,606.0,570.6829833984375,111861175
2021-03-02,621.0,622.0,609.0,609.0,573.508056640625,54041533
2021-03-03,609.0,622.0,601.0,622.0,585.7505493164062,48252965
2021-03-04,609.0,611.0,601.0,601.0,565.9744873046875,67711962
2021-03-05,588.0,605.0,584.0,601.0,565.9744873046875,79918467
2021-03-08,608.0,610.0,598.0,598.0,563.1492309570312,43219772
2021-03-09,585.0,595.0,585.0,595.0,560.323974609375,68768861
2021-03-10,601.0,601.0,593.0,597.0,562.2074584960938,40146301
2021-03-11,596.0,612.0,595.0,609.0,573.508056640625,54416046
2021-03-12,615.0,618.0,609.0,614.0,578.2167358398438,33168846
2021-03-15,614.0,614.0,609.0,611.0,575.3916015625,27416758
2021-03-16,610.0,613.0,607.0,613.0,577.2750244140625,36949425
2021-03-17,612.0,612.0,602.0,604.0,571.12890625,39517807
2021-03-18,606.0,609.0,602.0,602.0,569.2376098632812,29415526
2021-03-19,594.0,598.0,591.0,591.0,558.8363037109375,70866028
2021-03-22,588.0,598.0,586.0,593.0,560.7274169921875,34089033
2021-03-23,597.0,603.0,593.0,594.0,561.673095703125,29374037
2021-03-24,571.0,582.0,571.0,576.0,544.6525268554688,107253959
2021-03-25,572.0,581.0,570.0,575.0,543.7069702148438,67833354
2021-03-26,582.0,592.0,580.0,590.0,557.8906860351562,36829858
2021-03-29,599.0,602.0,596.0,599.0,566.4009399414062,37884733
2021-03-30,600.0,600.0,592.0,597.0,564.509765625,33099123
2021-03-31,596.0,597.0,587.0,587.0,555.0538940429688,38790886
2021-04-01,598.0,602.0,594.0,602.0,569.2376098632812,43091157
2021-04-07,614.0,614.0,608.0,610.0,576.80224609375,24603109
2021-04-08,606.0,613.0,603.0,613.0,579.6390380859375,23976625
2021-04-09,618.0,618.0,609.0,610.0,576.80224609375,27303862
2021-04-12,612.0,613.0,603.0,605.0,572.0744018554688,22606128
2021-04-13,604.0,613.0,604.0,605.0,572.0744018554688,25971622
2021-04-14,608.0,612.0,600.0,612.0,578.6934814453125,30077913
2021-04-15,612.0,619.0,607.0,619.0,585.3123779296875,33530942
2021-04-16,610.0,611.0,603.0,610.0,576.80224609375,48507383
2021-04-19,605.0,607.0,601.0,603.0,570.1832275390625,24231637
2021-04-20,598.0,602.0,595.0,602.0,569.2376098632812,34771635
2021-04-21,599.0,599.0,592.0,592.0,559.7817993164062,38458220
2021-04-22,596.0,598.0,591.0,591.0,558.8363037109375,33868521
2021-04-23,592.0,602.0,590.0,602.0,569.2376098632812,27754511
2021-04-26,605.0,610.0,603.0,610.0,576.80224609375,30887664
2021-04-27,608.0,611.0,605.0,610.0,576.80224609375,26317481
2021-04-28,606.0,608.0,601.0,602.0,569.2376098632812,24024054
2021-04-29,609.0,609.0,600.0,600.0,567.3465576171875,31828333
2021-05-03,595.0,597.0,588.0,588.0,555.9994506835938,41762441
2021-05-04,588.0,594.0,582.0,591.0,558.8363037109375,40273595
2021-05-05,594.0,594.0,585.0,585.0,553.1627807617188,29254785
2021-05-06,590.0,590.0,580.0,587.0,555.0538940429688,30725590
2021-05-07,594.0,600.0,589.0,599.0,566.4009399414062,28075722
2021-05-10,596.0,597.0,588.0,589.0,556.945068359375,20434079
2021-05-11,579.0,580.0,570.0,571.0,539.9247436523438,59349193
2021-05-12,567.0,571.0,518.0,560.0,529.5233154296875,131741482
2021-05-13,547.0,563.0,541.0,547.0,517.2308959960938,66765627
2021-05-14,556.0,562.0,552.0,557.0,526.6864624023438,37533726
2021-05-17,544.0,558.0,541.0,549.0,519.1220092773438,56270958
2021-05-18,563.0,573.0,555.0,572.0,540.8702392578125,43689316
2021-05-19,571.0,572.0,565.0,567.0,536.1423950195312,28908777
2021-05-20,567.0,571.0,560.0,567.0,536.1423950195312,29709287
2021-05-21,572.0,577.0,568.0,573.0,541.8157958984375,27376731
2021-05-24,570.0,572.0,566.0,568.0,537.087890625,15629736
2021-05-25,576.0,584.0,573.0,583.0,551.2715454101562,33039911
2021-05-26,587.0,588.0,581.0,585.0,553.1627807617188,18703987
2021-05-27,580.0,582.0,573.0,582.0,550.3261108398438,62169719
2021-05-28,587.0,592.0,582.0,590.0,557.8906860351562,29086873
2021-05-31,595.0,597.0,590.0,597.0,564.509765625,30657474
2021-06-01,598.0,599.0,595.0,598.0,565.4553833007812,17818326
2021-06-02,600.0,600.0,593.0,595.0,562.61865234375,21872755
2021-06-03,600.0,600.0,596.0,596.0,563.5642700195312,21077164
2021-06-04,591.0,595.0,590.0,595.0,562.61865234375,15756180
2021-06-07,594.0,595.0,583.0,592.0,559.7817993164062,17077625
2021-06-08,590.0,595.0,588.0,589.0,556.945068359375,13396324
2021-06-09,586.0,588.0,583.0,586.0,554.1083984375,20023490
2021-06-10,591.0,599.0,587.0,599.0,566.4009399414062,28527745
2021-06-11,602.0,603.0,600.0,602.0,569.2376098632812,24227710
2021-06-15,607.0,609.0,606.0,609.0,575.8566284179688,26012250
2021-06-16,608.0,608.0,605.0,605.0,572.0744018554688,25856919
2021-06-17,601.0,606.0,598.0,606.0,575.3974609375,22872361
2021-06-18,608.0,608.0,601.0,603.0,572.549072265625,32652017
2021-06-21,590.0,594.0,583.0,583.0,553.5590209960938,44279632
2021-06-22,585.0,588.0,578.0,578.0,548.8115844726562,27823974
2021-06-23,583.0,598.0,581.0,595.0,564.9531860351562,34392376
2021-06-24,598.0,598.0,588.0,590.0,560.2056274414062,16524230
2021-06-25,598.0,598.0,589.0,591.0,561.1550903320312,18841696
2021-06-28,590.0,590.0,586.0,590.0,560.2056274414062,15028407
2021-06-29,598.0,598.0,591.0,595.0,564.9531860351562,28659610
2021-06-30,599.0,599.0,595.0,595.0,564.9531860351562,24883853
2021-07-01,596.0,597.0,591.0,593.0,563.0540771484375,18250994
2021-07-02,590.0,593.0,587.0,588.0,558.3065795898438,18322419
2021-07-05,588.0,597.0,588.0,591.0,561.1550903320312,28836816
2021-07-06,595.0,596.0,589.0,592.0,562.1046142578125,12997112
2021-07-07,590.0,594.0,588.0,594.0,564.0036010742188,16966158
2021-07-08,595.0,595.0,588.0,588.0,558.3065795898438,21140426
2021-07-09,582.0,585.0,580.0,584.0,554.508544921875,29029415
2021-07-12,595.0,597.0,590.0,593.0,563.0540771484375,31304547
2021-07-13,600.0,608.0,599.0,607.0,576.3471069335938,52540315
2021-07-14,613.0,615.0,608.0,613.0,582.0441284179688,38418875
2021-07-15,613.0,614.0,608.0,614.0,582.9935913085938,22012834
2021-07-16,591.0,595.0,588.0,589.0,559.2560424804688,57970545
2021-07-19,583.0,584.0,578.0,582.0,552.609619140625,40644341
2021-07-20,579.0,584.0,579.0,581.0,551.6600952148438,15354333
2021-07-21,586.0,586.0,580.0,585.0,555.4581298828125,25828732
2021-07-22,589.0,594.0,587.0,591.0,561.1550903320312,26058172
2021-07-23,592.0,592.0,583.0,585.0,555.4581298828125,15271451
2021-07-26,591.0,591.0,580.0,580.0,550.7105102539062,21619179
2021-07-27,581.0,584.0,580.0,580.0,550.7105102539062,17785992
2021-07-28,576.0,579.0,573.0,579.0,549.7611083984375,36158305
2021-07-29,585.0,585.0,577.0,583.0,553.5590209960938,23224896
2021-07-30,581.0,582.0,578.0,580.0,550.7105102539062,18999281
2021-08-02,583.0,590.0,580.0,590.0,560.2056274414062,23482491
2021-08-03,594.0,594.0,590.0,594.0,564.0036010742188,22747702
2021-08-04,598.0,598.0,594.0,596.0,565.902587890625,20313271
2021-08-05,598.0,598.0,593.0,596.0,565.902587890625,15116242
2021-08-06,596.0,596.0,588.0,591.0,561.1550903320312,13687213
2021-08-09,590.0,595.0,583.0,595.0,564.9531860351562,17390951
2021-08-10,596.0,596.0,589.0,591.0,561.1550903320312,17190865
2021-08-11,590.0,590.0,585.0,590.0,560.2056274414062,19969687
2021-08-12,586.0,588.0,584.0,586.0,556.4075927734375,15444622
2021-08-13,585.0,585.0,579.0,581.0,551.6600952148438,22524428
2021-08-16,582.0,586.0,578.0,584.0,554.508544921875,19315705
2021-08-17,584.0,584.0,584.0,584.0,554.508544921875,0
2021-08-18,568.0,575.0,566.0,574.0,545.0135498046875,43716164
2021-08-19,573.0,573.0,559.0,559.0,530.7710571289062,38868947
2021-08-20,560.0,563.0,551.0,552.0,524.12451171875,45614061
2021-08-23,560.0,572.0,559.0,566.0,537.4176025390625,33685159
2021-08-24,574.0,575.0,571.0,572.0,543.1145629882812,24844800
2021-08-25,579.0,585.0,574.0,585.0,555.4581298828125,27504657
2021-08-26,601.0,603.0,591.0,594.0,564.0036010742188,43822008
2021-08-27,596.0,600.0,593.0,599.0,568.7510375976562,27105651
2021-08-30,602.0,605.0,599.0,605.0,574.4481811523438,36575609
2021-08-31,604.0,614.0,598.0,614.0,582.9935913085938,52721470
2021-09-01,614.0,614.0,608.0,613.0,582.0441284179688,30092045
2021-09-02,613.0,615.0,607.0,607.0,576.3471069335938,24112463
2021-09-03,610.0,620.0,610.0,620.0,588.6906127929688,51562454
2021-09-06,623.0,638.0,621.0,631.0,599.1351928710938,55589014
2021-09-07,634.0,634.0,623.0,623.0,591.5390625,26526056
2021-09-08,622.0,627.0,612.0,619.0,587.740966796875,37817737
2021-09-09,612.0,620.0,610.0,619.0,587.740966796875,18735512
2021-09-10,615.0,623.0,614.0,622.0,590.5894775390625,16304725
2021-09-13,619.0,620.0,613.0,615.0,583.9431762695312,15198774
2021-09-14,618.0,618.0,612.0,613.0,582.0441284179688,14441901
2021-09-15,610.0,613.0,607.0,607.0,576.3471069335938,23433501
2021-09-16,603.0,607.0,599.0,600.0,572.2933959960938,22467022
2021-09-17,600.0,610.0,599.0,600.0,572.2933959960938,40717715
2021-09-22,586.0,589.0,583.0,586.0,558.9398803710938,40642293
2021-09-23,588.0,593.0,588.0,588.0,560.8475341796875,21696296
2021-09-24,591.0,598.0,590.0,598.0,570.3856811523438,16736973
2021-09-27,600.0,602.0,593.0,602.0,574.200927734375,19464241
2021-09-28,595.0,596.0,592.0,594.0,566.5703735351562,16707080
2021-09-29,580.0,583.0,577.0,580.0,553.2169189453125,49310524
2021-09-30,580.0,585.0,575.0,580.0,553.2169189453125,30465107
2021-10-01,579.0,579.0,571.0,574.0,547.4940185546875,36704493
2021-10-04,574.0,575.0,569.0,572.0,545.5863037109375,20957803
2021-10-05,562.0,572.0,560.0,572.0,545.5863037109375,33824024
2021-10-06,573.0,574.0,565.0,571.0,544.6325073242188,32508846
2021-10-07,575.0,582.0,572.0,580.0,553.2169189453125,27933054
2021-10-08,582.0,583.0,573.0,575.0,548.4476928710938,18279079
2021-10-12,570.0,575.0,564.0,575.0,548.4476928710938,26522907
2021-10-13,572.0,575.0,570.0,571.0,544.6325073242188,18914374
2021-10-14,579.0,579.0,573.0,573.0,546.5401611328125,13916927
2021-10-15,592.0,600.0,586.0,600.0,572.2933959960938,53150216
2021-10-18,604.0,604.0,590.0,590.0,562.755126953125,19158568
2021-10-19,598.0,600.0,593.0,600.0,572.2933959960938,17386359
2021-10-20,603.0,604.0,597.0,598.0,570.3856811523438,16372520
2021-10-21,602.0,603.0,595.0,596.0,568.4781494140625,16169014
2021-10-22,600.0,602.0,594.0,600.0,572.2933959960938,13995403
2021-10-25,597.0,597.0,590.0,593.0,565.61669921875,16785568
2021-10-26,595.0,600.0,593.0,599.0,571.3395385742188,19998808
2021-10-27,598.0,599.0,594.0,599.0,571.3395385742188,14961858
2021-10-28,598.0,598.0,591.0,595.0,567.5242309570312,16570044
2021-10-29,595.0,596.0,589.0,590.0,562.755126953125,25763960
2021-11-01,591.0,593.0,590.0,590.0,562.755126953125,16089351
2021-11-02,594.0,597.0,590.0,592.0,564.6627197265625,15192404
2021-11-03,597.0,597.0,592.0,592.0,564.6627197265625,10224009
2021-11-04,592.0,594.0,585.0,587.0,559.8936157226562,17932145
2021-11-05,598.0,600.0,595.0,600.0,572.2933959960938,33270827
2021-11-08,600.0,602.0,598.0,602.0,574.200927734375,19752355
2021-11-09,611.0,617.0,610.0,611.0,582.785400390625,39538660
2021-11-10,611.0,612.0,608.0,612.0,583.7391967773438,16027674
2021-11-11,600.0,606.0,600.0,606.0,578.0162353515625,18463848
2021-11-12,610.0,611.0,602.0,604.0,576.108642578125,15821327
2021-11-15,609.0,611.0,607.0,608.0,579.9239501953125,15551452
2021-11-16,612.0,612.0,608.0,610.0,581.8316040039062,20917108
2021-11-17,615.0,615.0,608.0,610.0,581.8316040039062,19717852
2021-11-18,613.0,614.0,607.0,613.0,584.693115234375,20030651
2021-11-19,622.0,623.0,617.0,618.0,589.4622192382812,35554348
2021-11-22,618.0,618.0,615.0,615.0,586.6007080078125,20312168
2021-11-23,615.0,615.0,611.0,612.0,583.7391967773438,19431694
2021-11-24,612.0,612.0,602.0,603.0,575.1549072265625,20391940
2021-11-25,605.0,607.0,601.0,603.0,575.1549072265625,11888265
2021-11-26,598.0,601.0,592.0,596.0,568.4781494140625,26588102
2021-11-29,594.0,598.0,591.0,593.0,565.61669921875,23379558
2021-11-30,597.0,600.0,591.0,596.0,568.4781494140625,62021697
2021-12-01,596.0,603.0,594.0,600.0,572.2933959960938,21403404
2021-12-02,605.0,615.0,602.0,615.0,586.6007080078125,45125742
2021-12-03,614.0,614.0,606.0,608.0,579.9239501953125,23045832
2021-12-06,603.0,609.0,600.0,600.0,572.2933959960938,23589363
2021-12-07,602.0,607.0,597.0,607.0,578.9701538085938,18606530
2021-12-08,614.0,614.0,602.0,602.0,574.200927734375,20801543
2021-12-09,606.0,608.0,602.0,608.0,579.9239501953125,11039070
2021-12-10,605.0,608.0,602.0,605.0,577.0624389648438,10497451
2021-12-13,609.0,610.0,601.0,601.0,573.2472534179688,17711657
2021-12-14,598.0,600.0,597.0,599.0,571.3395385742188,22579034
2021-12-15,597.0,601.0,596.0,600.0,572.2933959960938,21827730
2021-12-16,605.0,605.0,601.0,605.0,579.719482421875,21809022
2021-12-17,601.0,607.0,599.0,607.0,581.635986328125,24105733
2021-12-20,607.0,607.0,598.0,598.0,573.0120849609375,21381070
2021-12-21,597.0,600.0,595.0,597.0,572.0538330078125,17001461
2021-12-22,598.0,601.0,598.0,600.0,574.9284057617188,9831802
2021-12-23,607.0,608.0,602.0,606.0,580.677734375,16654439
2021-12-24,606.0,609.0,604.0,604.0,578.7612915039062,11059689
2021-12-27,604.0,610.0,604.0,606.0,580.677734375,16259872
2021-12-28,610.0,615.0,610.0,615.0,589.3017578125,33892718
2021-12-29,615.0,619.0,614.0,616.0,590.2598876953125,24518766
2021-12-30,619.0,620.0,615.0,615.0,589.3017578125,19681276
2022-01-03,619.0,632.0,618.0,631.0,604.6331176757812,69089158
2022-01-04,645.0,656.0,644.0,656.0,628.58837890625,79434666
2022-01-05,669.0,669.0,646.0,650.0,622.839111328125,69593809
2022-01-06,638.0,646.0,636.0,644.0,617.0899047851562,53210211
2022-01-07,643.0,646.0,632.0,634.0,607.5077514648438,38249908
2022-01-10,628.0,645.0,627.0,643.0,616.1317138671875,38289770
2022-01-11,646.0,651.0,639.0,651.0,623.7973022460938,33196585
2022-01-12,657.0,660.0,650.0,660.0,632.4213256835938,38860063
2022-01-13,658.0,662.0,655.0,661.0,633.3795166015625,38137411
2022-01-14,673.0,673.0,661.0,672.0,643.919921875,95200777
2022-01-17,685.0,688.0,678.0,683.0,654.460205078125,59614236
2022-01-18,678.0,681.0,662.0,662.0,634.3377075195312,43593330
2022-01-19,652.0,660.0,651.0,654.0,626.672119140625,40381333
2022-01-20,650.0,657.0,646.0,651.0,623.7973022460938,46474584
2022-01-21,644.0,646.0,637.0,641.0,614.2152099609375,49577684
2022-01-24,639.0,655.0,637.0,653.0,625.7138061523438,47134502
2022-01-25,643.0,645.0,638.0,641.0,614.2152099609375,52318736
2022-01-26,635.0,641.0,635.0,636.0,609.4242553710938,29957189
2022-02-07,644.0,644.0,631.0,635.0,608.4660034179688,56836469
2022-02-08,645.0,645.0,628.0,628.0,601.7584228515625,39718217
2022-02-09,635.0,637.0,630.0,633.0,606.5494995117188,30048791
2022-02-10,639.0,649.0,637.0,649.0,621.880859375,34587133
2022-02-11,646.0,650.0,642.0,650.0,622.839111328125,26723278
2022-02-14,640.0,641.0,635.0,637.0,610.38232421875,27826382
2022-02-15,633.0,639.0,633.0,633.0,606.5494995117188,21970460
2022-02-16,645.0,646.0,640.0,646.0,619.00634765625,25191741
2022-02-17,644.0,646.0,641.0,645.0,618.0481567382812,18135080
2022-02-18,638.0,639.0,636.0,637.0,610.38232421875,20804191
2022-02-21,633.0,636.0,632.0,632.0,605.59130859375,23797502
2022-02-22,628.0,630.0,625.0,627.0,600.8001708984375,34086593
2022-02-23,624.0,629.0,623.0,625.0,598.8837890625,31953054
2022-02-24,618.0,619.0,604.0,604.0,578.7612915039062,73663161
2022-02-25,600.0,609.0,600.0,604.0,578.7612915039062,89012516
2022-03-01,599.0,610.0,599.0,604.0,578.7612915039062,66720867
2022-03-02,601.0,605.0,600.0,601.0,575.8866577148438,40693457
2022-03-03,603.0,607.0,601.0,602.0,576.8447875976562,33792420
2022-03-04,595.0,597.0,592.0,595.0,570.1373901367188,55917115
2022-03-07,580.0,581.0,575.0,576.0,551.9312744140625,86496560
2022-03-08,561.0,570.0,561.0,563.0,539.4745483398438,79029914
2022-03-09,567.0,573.0,567.0,568.0,544.265625,52155415
2022-03-10,585.0,589.0,582.0,587.0,562.4716186523438,45630467
2022-03-11,581.0,582.0,574.0,575.0,550.9730834960938,38943098
2022-03-14,574.0,577.0,572.0,572.0,548.0984497070312,33919577
2022-03-15,562.0,563.0,558.0,558.0,534.6834716796875,74092231
2022-03-16,564.0,565.0,555.0,558.0,537.33154296875,43438327
2022-03-17,578.0,583.0,575.0,582.0,560.4426879882812,60959900
2022-03-18,582.0,582.0,576.0,581.0,559.4796142578125,46242430
2022-03-21,583.0,589.0,583.0,586.0,564.29443359375,21400273
2022-03-22,577.0,586.0,577.0,583.0,561.405517578125,20246949
2022-03-23,590.0,590.0,586.0,590.0,568.1463012695312,25902069
2022-03-24,587.0,592.0,585.0,591.0,569.1092529296875,20060758
2022-03-25,597.0,598.0,595.0,598.0,575.8500366210938,26122381
2022-03-28,581.0,586.0,580.0,584.0,562.3685913085938,26391576
2022-03-29,586.0,589.0,584.0,589.0,567.1834106445312,14892032
2022-03-30,599.0,600.0,597.0,600.0,577.7759399414062,41230239
2022-03-31,602.0,602.0,594.0,597.0,574.8870239257812,22700114
2022-04-01,585.0,589.0,584.0,589.0,567.1834106445312,29732696
2022-04-06,578.0,580.0,575.0,578.0,556.5907592773438,37645873
2022-04-07,571.0,573.0,566.0,566.0,545.0352172851562,42904743
2022-04-08,567.0,570.0,566.0,567.0,545.9982299804688,28024587
2022-04-11,563.0,566.0,558.0,558.0,537.33154296875,36820094
2022-04-12,554.0,564.0,552.0,557.0,536.3685913085938,30671407
2022-04-13,564.0,576.0,563.0,573.0,551.7759399414062,35865970
2022-04-14,577.0,578.0,573.0,573.0,551.7759399414062,19056590
2022-04-15,562.0,566.0,561.0,562.0,541.183349609375,28253360
2022-04-18,559.0,566.0,558.0,561.0,540.2205200195312,15800959
2022-04-19,566.0,569.0,563.0,565.0,544.0723266601562,16614705
2022-04-20,570.0,570.0,562.0,570.0,548.8870849609375,27606307
2022-04-21,571.0,571.0,565.0,565.0,544.0723266601562,18383650
2022-04-22,558.0,559.0,557.0,558.0,537.33154296875,29283846
2022-04-25,550.0,552.0,546.0,547.0,526.739013671875,43389591
2022-04-26,550.0,551.0,544.0,546.0,525.7760620117188,35825421
2022-04-27,530.0,532.0,526.0,526.0,506.51690673828125,55941533
2022-04-28,530.0,532.0,523.0,531.0,511.3316955566406,45380836
2022-04-29,547.0,547.0,535.0,538.0,518.0723876953125,36664644
